hidden_size,port,train_fitted,train_real,train_MAPE,train_RMSE,test_results,test_real,test_MAPE,test_RMSE
8,Ningbo(10kTEU),"[[ 554.2806]
 [ 673.8528]
 [ 858.7274]
 [1085.5468]
 [1234.2416]
 [1191.8995]
 [1448.7362]
 [1598.6239]
 [1713.8226]
 [1823.4552]
 [2014.89  ]]","[[ 520.8    ]
 [ 706.7999 ]
 [ 934.99994]
 [1084.5999 ]
 [1042.     ]
 [1300.4    ]
 [1451.2    ]
 [1567.1    ]
 [1677.4    ]
 [1869.9999 ]
 [2063.     ]]",5.027422579852018,76.01522,"[[2233.5215]
 [2458.0852]
 [2587.8997]
 [2672.9502]]","[[2461.]
 [2635.]
 [2749.]
 [2872.]]",7.187099754810333,192.75598
8,Shanghai(10kTEU),"[[1863.2191]
 [2159.5576]
 [2463.9553]
 [2836.6868]
 [2990.313 ]
 [2740.314 ]
 [3081.7327]
 [3305.8752]
 [3372.1948]
 [3463.531 ]
 [3603.5571]]","[[1808.4   ]
 [2171.    ]
 [2615.    ]
 [2798.    ]
 [2500.2   ]
 [2906.8997]
 [3173.9   ]
 [3252.9   ]
 [3361.7   ]
 [3528.5   ]
 [3654.    ]]",4.010655934160406,168.84247,"[[3714.5974]
 [3885.2578]
 [3983.2495]
 [4054.2664]]","[[4023.0002]
 [4201.    ]
 [4330.    ]
 [4350.    ]]",7.497110217809677,317.21432
8,Singapore(10kTEU),"[[2426.9211]
 [2558.0618]
 [2670.6895]
 [2892.0024]
 [3031.52  ]
 [2746.3608]
 [2926.8467]
 [3032.9277]
 [3153.3687]
 [3218.8335]
 [3309.6394]]","[[2319.2   ]
 [2479.2   ]
 [2793.6   ]
 [2991.8   ]
 [2586.7   ]
 [2843.1   ]
 [2993.8   ]
 [3164.9   ]
 [3257.8997]
 [3386.9   ]
 [3092.    ]]",5.25236346504905,180.54271,"[[3100.6453]
 [3295.6313]
 [3501.5413]
 [3543.5916]]","[[3366.9998]
 [3660.    ]
 [3720.    ]
 [3660.    ]]",6.7298173904418945,257.38318
8,Shenzhen(10kTEU),"[[1599.3339]
 [1868.586 ]
 [2090.6033]
 [2200.8513]
 [2214.056 ]
 [2081.4229]
 [2259.9578]
 [2262.5151]
 [2278.0251]
 [2292.194 ]
 [2324.0107]]","[[1619.7]
 [1846.9]
 [2109.9]
 [2141.4]
 [1825. ]
 [2250.9]
 [2257. ]
 [2294. ]
 [2327.8]
 [2403.7]
 [2420. ]]",4.292465610937639,138.17116,"[[2321.202 ]
 [2373.1824]
 [2479.2385]
 [2396.6572]]","[[2521.]
 [2774.]
 [2577.]
 [2655.]]",8.974619209766388,263.0933
8,Hong Kong(10kTEU),"[[2231.7039]
 [2250.532 ]
 [2378.9387]
 [2431.9412]
 [2178.8774]
 [2240.5562]
 [2397.4146]
 [2235.671 ]
 [2330.2087]
 [2243.6033]
 [2229.4343]]","[[2242.7]
 [2353.9]
 [2399.8]
 [2449.4]
 [2104. ]
 [2369.9]
 [2438.4]
 [2311.7]
 [2236.7]
 [2222.6]
 [2007. ]]",3.332598642869429,95.348434,"[[2252.0906]
 [2243.182 ]
 [2254.0598]
 [2266.2507]]","[[2076.]
 [1960.]
 [1830.]
 [2007.]]",14.755064249038696,299.26474
8,Busan(10kTEU),"[[1258.1301]
 [1277.2013]
 [1287.3616]
 [1354.7354]
 [1369.8536]
 [1284.645 ]
 [1456.3534]
 [1688.3401]
 [1788.8287]
 [1863.4374]
 [1979.0812]]","[[1184.3   ]
 [1203.    ]
 [1327.    ]
 [1345.2   ]
 [1197.9999]
 [1419.4   ]
 [1618.4   ]
 [1704.6   ]
 [1768.6   ]
 [1867.8   ]
 [1945.    ]]",4.912100055000999,89.6583,"[[2094.0728]
 [2156.8462]
 [2271.6035]
 [2303.971 ]]","[[2049.]
 [2166.]
 [2199.]
 [2159.]]",3.159686177968979,84.266235
8,Guangzhou(10kTEU),"[[ 536.87524]
 [ 660.5359 ]
 [ 831.5179 ]
 [1158.0353 ]
 [1224.464  ]
 [1241.339  ]
 [1362.7675 ]
 [1515.4459 ]
 [1558.571  ]
 [1609.1066 ]
 [1724.3743 ]]","[[ 468.5   ]
 [ 660.    ]
 [1025.7   ]
 [1100.1   ]
 [1119.    ]
 [1255.    ]
 [1426.    ]
 [1474.3002]
 [1530.9   ]
 [1660.    ]
 [1722.0001]]",5.602133274078369,77.51874,"[[1918.9376]
 [2049.4626]
 [2178.2698]
 [2295.0552]]","[[2037.0001]
 [2187.    ]
 [2323.    ]
 [2319.    ]]",4.836906120181084,116.59274
8,Qingdao(10kTEU),"[[ 643.68805]
 [ 756.59515]
 [ 891.5611 ]
 [1061.8407 ]
 [1144.852  ]
 [1139.0472 ]
 [1308.5527 ]
 [1406.0767 ]
 [1549.5568 ]
 [1647.9513 ]
 [1750.5061 ]]","[[ 630.7   ]
 [ 770.2   ]
 [ 946.2   ]
 [1032.    ]
 [1026.    ]
 [1201.2   ]
 [1302.    ]
 [1450.3   ]
 [1552.    ]
 [1657.9999]
 [1747.0001]]",3.0697063966230913,47.036068,"[[1888.8584]
 [1916.9158]
 [1913.0458]
 [2179.108 ]]","[[1830.]
 [1826.]
 [2101.]
 [2200.]]",4.522711411118507,108.96474
8,Dubai(10kTEU),"[[1215.233]
 [1215.233]
 [1215.233]
 [1215.233]
 [1215.233]
 [1215.233]
 [1215.233]
 [1215.233]
 [1215.233]
 [1215.233]
 [1215.233]]","[[ 861.9]
 [ 892.3]
 [1079.1]
 [1182.7]
 [1110. ]
 [1160. ]
 [1300. ]
 [1327. ]
 [1364.1]
 [1524.9]
 [1560. ]]",15.914356708526611,217.30621,"[[1210.0463]
 [1214.9854]
 [1215.233 ]
 [1215.233 ]]","[[1537.]
 [1495.]
 [1411.]
 [1350.]]",15.964840352535248,245.86266
8,Tianjin(10kTEU),"[[ 516.423  ]
 [ 607.8882 ]
 [ 714.5821 ]
 [ 921.2841 ]
 [ 951.37024]
 [ 969.9418 ]
 [1098.0859 ]
 [1237.373  ]
 [1304.2307 ]
 [1370.16   ]
 [1467.7539 ]]","[[ 480.10004]
 [ 595.     ]
 [ 817.60004]
 [ 850.     ]
 [ 869.99994]
 [1008.     ]
 [1158.0001 ]
 [1230.     ]
 [1301.0001 ]
 [1406.1001 ]
 [1411.     ]]",5.131514505906538,55.116688,"[[1507.5898]
 [1561.4475]
 [1647.8058]
 [1768.5211]]","[[1507.    ]
 [1600.0001]
 [1730.    ]
 [1835.    ]]",2.705654129385948,56.262737
8,Rotterdam(10kTEU),"[[ 925.4487 ]
 [1000.16925]
 [1026.4845 ]
 [1044.6456 ]
 [1111.3604 ]
 [1033.0077 ]
 [1136.9343 ]
 [1191.1215 ]
 [1190.306  ]
 [1172.219  ]
 [1222.4033 ]]","[[ 930.00006]
 [ 965.50006]
 [ 990.     ]
 [1080.     ]
 [ 974.3    ]
 [1114.5    ]
 [1187.6    ]
 [1186.5    ]
 [1162.1    ]
 [1229.8    ]
 [1223.     ]]",4.021131992340088,57.152218,"[[1228.4816]
 [1326.3131]
 [1382.7832]
 [1405.2264]]","[[1373.    ]
 [1450.9999]
 [1481.9999]
 [1435.    ]]",6.972125172615051,108.58497
8,Kelang(10kTEU),"[[ 590.6266 ]
 [ 620.09045]
 [ 696.893  ]
 [ 793.731  ]
 [ 858.35516]
 [ 793.4364 ]
 [ 946.74677]
 [1018.737  ]
 [1057.7275 ]
 [1092.102  ]
 [1150.637  ]]","[[ 554.4    ]
 [ 632.6    ]
 [ 731.2    ]
 [ 797.     ]
 [ 730.9    ]
 [ 887.     ]
 [ 960.30005]
 [ 999.99994]
 [1035.     ]
 [1094.6    ]
 [1189.     ]]",4.594179716977206,52.383846,"[[1372.0093]
 [1424.062 ]
 [1285.5817]
 [1409.3301]]","[[1373.]
 [1232.]
 [1358.]
 [1324.]]",6.859798729419708,111.14679
8,Kaohsiung(10kTEU),"[[ 961.8597 ]
 [ 956.0596 ]
 [ 967.0285 ]
 [ 952.5993 ]
 [ 958.7245 ]
 [ 930.80365]
 [ 952.02954]
 [ 958.1663 ]
 [ 967.5369 ]
 [ 980.84045]
 [1036.3424 ]]","[[ 947.0999 ]
 [ 977.49994]
 [ 919.99994]
 [ 967.7    ]
 [ 858.1    ]
 [ 918.1    ]
 [ 963.5999 ]
 [ 978.1    ]
 [ 993.8    ]
 [1059.3    ]
 [1026.     ]]",3.4391278570348565,43.576244,"[[1025.0726 ]
 [1008.9728 ]
 [1024.2252 ]
 [1021.68317]]","[[1027.     ]
 [1045.     ]
 [1042.     ]
 [ 962.00006]]",2.886287122964859,35.985035
8,Dalian(10kTEU),"[[ 300.7102 ]
 [ 343.6643 ]
 [ 397.09506]
 [ 533.291  ]
 [ 520.05237]
 [ 524.7192 ]
 [ 590.4361 ]
 [ 700.72626]
 [ 858.82776]
 [1035.2158 ]
 [1044.6447 ]]","[[ 265.1    ]
 [ 321.2    ]
 [ 464.2    ]
 [ 450.29996]
 [ 455.2    ]
 [ 524.2    ]
 [ 640.     ]
 [ 806.     ]
 [ 991.2001 ]
 [1001.10004]
 [ 945.     ]]",10.524678230285645,73.56131,"[[1006.4527 ]
 [1015.02454]
 [1021.6915 ]
 [1060.7399 ]]","[[ 970.     ]
 [ 977.00006]
 [1021.     ]
 [ 653.99994]]",17.47758984565735,205.06859
8,Hanburg(10kTEU),"[[898.7824 ]
 [898.7824 ]
 [898.7824 ]
 [898.7824 ]
 [791.9373 ]
 [898.7824 ]
 [898.7824 ]
 [898.7824 ]
 [898.7824 ]
 [898.7824 ]
 [794.03925]]","[[808.8    ]
 [886.2    ]
 [936.     ]
 [973.7    ]
 [700.7    ]
 [789.99994]
 [901.39996]
 [886.3    ]
 [930.2    ]
 [973.     ]
 [882.     ]]",6.698478351939809,67.288994,"[[898.7824]
 [898.7824]
 [898.7824]
 [898.7824]]","[[886.     ]
 [873.     ]
 [929.99994]
 [870.     ]]",2.7652669697999954,25.647047
8,Antwerp(10kTEU),"[[641.00323]
 [720.6877 ]
 [822.81305]
 [850.87445]
 [850.0314 ]
 [853.72876]
 [850.5662 ]
 [850.0314 ]
 [850.1159 ]
 [850.266  ]
 [963.91095]]","[[648.2   ]
 [701.9   ]
 [835.5   ]
 [866.4   ]
 [730.9001]
 [846.8   ]
 [866.4   ]
 [863.3   ]
 [857.8   ]
 [897.8   ]
 [965.    ]]",3.080230951309204,40.219307,"[[1369.773 ]
 [1526.2789]
 [1774.3987]
 [1774.3987]]","[[1045.]
 [1110.]
 [1110.]
 [1204.]]",43.953099846839905,511.25967
8,Xiamen(10kTEU),"[[338.81015]
 [386.58264]
 [455.39526]
 [517.1946 ]
 [558.5634 ]
 [522.58167]
 [638.4553 ]
 [702.4907 ]
 [778.82495]
 [860.8513 ]
 [918.1784 ]]","[[334.2    ]
 [401.9    ]
 [462.70004]
 [503.39996]
 [468.00003]
 [582.     ]
 [645.     ]
 [720.1    ]
 [800.8    ]
 [857.2001 ]
 [918.     ]]",4.1563437743620435,34.484486,"[[1013.764 ]
 [1084.1295]
 [1049.4037]
 [1151.7535]]","[[1038.     ]
 [ 999.99994]
 [1112.     ]
 [1141.     ]]",4.329866170883179,54.081207
8,Tanjung(10kTEU),"[[664.4613]
 [664.4613]
 [664.4613]
 [664.4613]
 [664.4613]
 [664.4613]
 [664.4613]
 [664.4613]
 [664.4613]
 [664.4613]
 [664.4613]]","[[417.7    ]
 [476.99997]
 [550.     ]
 [560.     ]
 [601.6    ]
 [653.     ]
 [752.     ]
 [770.     ]
 [762.8    ]
 [855.     ]
 [910.     ]]",21.595623276450418,150.51292,"[[664.4613]
 [664.4613]
 [660.6372]
 [659.0245]]","[[838.     ]
 [896.     ]
 [910.     ]
 [984.99994]]",26.761627197265625,251.08148
8,Los Angeles(10kTEU),"[[793.21954]
 [806.4905 ]
 [758.2599 ]
 [775.57886]
 [795.131  ]
 [788.3643 ]
 [796.2609 ]
 [789.77875]
 [781.57196]
 [794.00104]
 [765.9909 ]]","[[748.5]
 [847. ]
 [710.3]
 [785. ]
 [726.1]
 [783.1]
 [794. ]
 [807.8]
 [786.9]
 [834. ]
 [816. ]]",3.9096509868448432,37.27277,"[[735.0667 ]
 [701.16907]
 [699.38495]
 [708.9001 ]]","[[943.00006]
 [945.99994]
 [930.     ]
 [920.     ]]",23.918449878692627,224.12325
8,Long Beach(10kTEU),"[[635.6151 ]
 [666.3793 ]
 [685.5654 ]
 [686.2933 ]
 [659.0355 ]
 [612.02924]
 [651.5925 ]
 [646.20056]
 [644.3812 ]
 [667.04083]
 [670.051  ]]","[[671. ]
 [729. ]
 [731.2]
 [648.8]
 [506.7]
 [626.3]
 [610. ]
 [604.5]
 [673. ]
 [682.1]
 [719. ]]",7.746459137309682,59.530098,"[[669.35645]
 [693.8354 ]
 [712.0293 ]
 [696.81256]]","[[754.]
 [809.]
 [763.]
 [811.]]",11.555373668670654,94.95289
16,Ningbo(10kTEU),"[[ 562.74365]
 [ 682.76086]
 [ 868.3235 ]
 [1095.987  ]
 [1245.2352 ]
 [1202.7355 ]
 [1460.5281 ]
 [1610.9734 ]
 [1726.6011 ]
 [1836.6417 ]
 [2028.789  ]]","[[ 520.8    ]
 [ 706.7999 ]
 [ 934.99994]
 [1084.5999 ]
 [1042.     ]
 [1300.4    ]
 [1451.2    ]
 [1567.1    ]
 [1677.4    ]
 [1869.9999 ]
 [2063.     ]]",5.1334874196486036,76.557335,"[[2247.399 ]
 [2469.7732]
 [2598.3218]
 [2682.5432]]","[[2461.]
 [2635.]
 [2749.]
 [2872.]]",6.756948679685593,181.33058
16,Shanghai(10kTEU),"[[1825.8691]
 [2168.9739]
 [2519.1511]
 [2870.807 ]
 [3015.746 ]
 [2779.8833]
 [3101.9968]
 [3313.4656]
 [3376.035 ]
 [3462.2063]
 [3594.315 ]]","[[1808.4   ]
 [2171.    ]
 [2615.    ]
 [2798.    ]
 [2500.2   ]
 [2906.8997]
 [3173.9   ]
 [3252.9   ]
 [3361.7   ]
 [3528.5   ]
 [3654.    ]]",3.6711316217075693,168.87839,"[[3740.4421]
 [3984.3171]
 [4123.633 ]
 [4224.5977]]","[[4023.0002]
 [4201.    ]
 [4330.    ]
 [4350.    ]]",4.957563430070877,215.11841
16,Singapore(10kTEU),"[[2304.0295]
 [2532.2852]
 [2741.6335]
 [2939.1333]
 [3035.1921]
 [2838.8582]
 [2963.1238]
 [3036.1614]
 [3119.086 ]
 [3164.1587]
 [3226.6792]]","[[2319.2   ]
 [2479.2   ]
 [2793.6   ]
 [2991.8   ]
 [2586.7   ]
 [2843.1   ]
 [2993.8   ]
 [3164.9   ]
 [3257.8997]
 [3386.9   ]
 [3092.    ]]",4.017180475321683,169.01366,"[[3082.7852]
 [3217.0347]
 [3358.4348]
 [3387.3162]]","[[3366.9998]
 [3660.    ]
 [3720.    ]
 [3660.    ]]",9.428483247756958,347.16064
16,Shenzhen(10kTEU),"[[1610.7709]
 [1877.946 ]
 [2178.9797]
 [2045.1465]
 [2041.1696]
 [2186.9148]
 [2248.342 ]
 [2259.8835]
 [2329.8867]
 [2393.8362]
 [2537.4375]]","[[1619.7]
 [1846.9]
 [2109.9]
 [2141.4]
 [1825. ]
 [2250.9]
 [2257. ]
 [2294. ]
 [2327.8]
 [2403.7]
 [2420. ]]",2.901124954223633,85.830605,"[[2524.7612]
 [2749.1177]
 [3197.21  ]
 [2848.313 ]]","[[2521.]
 [2774.]
 [2577.]
 [2655.]]",8.098600804805756,325.06293
16,Hong Kong(10kTEU),"[[2263.7522]
 [2287.7004]
 [2347.814 ]
 [2372.6272]
 [2199.988 ]
 [2212.7205]
 [2356.4634]
 [2242.6987]
 [2325.0012]
 [2284.4568]
 [2276.8345]]","[[2242.7]
 [2353.9]
 [2399.8]
 [2449.4]
 [2104. ]
 [2369.9]
 [2438.4]
 [2311.7]
 [2236.7]
 [2222.6]
 [2007. ]]",4.251531579277732,114.11717,"[[2144.8025]
 [2197.3035]
 [2133.197 ]
 [2061.3535]]","[[2076.]
 [1960.]
 [1830.]
 [2007.]]",8.674461394548416,197.43953
16,Busan(10kTEU),"[[1219.579 ]
 [1255.2755]
 [1274.293 ]
 [1400.3995]
 [1418.9088]
 [1269.2081]
 [1494.3694]
 [1696.7501]
 [1784.4144]
 [1849.5017]
 [1950.387 ]]","[[1184.3   ]
 [1203.    ]
 [1327.    ]
 [1345.2   ]
 [1197.9999]
 [1419.4   ]
 [1618.4   ]
 [1704.6   ]
 [1768.6   ]
 [1867.8   ]
 [1945.    ]]",4.97235818342729,94.01154,"[[2055.8264]
 [2112.804 ]
 [2216.7952]
 [2246.0671]]","[[2049.]
 [2166.]
 [2199.]
 [2159.]]",1.9077770411968231,51.898396
16,Guangzhou(10kTEU),"[[ 480.59625]
 [ 671.51166]
 [ 934.19556]
 [1220.9353 ]
 [1279.2712 ]
 [1294.0902 ]
 [1400.7258 ]
 [1534.8043 ]
 [1572.6757 ]
 [1617.0547 ]
 [1718.2798 ]]","[[ 468.5   ]
 [ 660.    ]
 [1025.7   ]
 [1100.1   ]
 [1119.    ]
 [1255.    ]
 [1426.    ]
 [1474.3002]
 [1530.9   ]
 [1660.    ]
 [1722.0001]]",4.825184561989524,72.84533,"[[1893.6906]
 [2011.3876]
 [2127.536 ]
 [2232.8435]]","[[2037.0001]
 [2187.    ]
 [2323.    ]
 [2319.    ]]",6.798674166202545,155.72934
16,Qingdao(10kTEU),"[[ 647.0682]
 [ 760.1075]
 [ 895.2316]
 [1065.7107]
 [1148.8193]
 [1143.0077]
 [1312.7117]
 [1410.3499]
 [1553.998 ]
 [1652.5079]
 [1755.1826]]","[[ 630.7   ]
 [ 770.2   ]
 [ 946.2   ]
 [1032.    ]
 [1026.    ]
 [1201.2   ]
 [1302.    ]
 [1450.3   ]
 [1552.    ]
 [1657.9999]
 [1747.0001]]",3.079970587383617,47.084793,"[[1851.3726]
 [1870.3722]
 [1867.7516]
 [2047.9198]]","[[1830.]
 [1826.]
 [2101.]
 [2200.]]",5.403109639883041,141.38501
16,Dubai(10kTEU),"[[ 832.6178 ]
 [ 981.79065]
 [1008.401  ]
 [1171.9149 ]
 [1262.6003 ]
 [1198.963  ]
 [1242.73   ]
 [1365.2781 ]
 [1388.9122 ]
 [1421.3873 ]
 [1562.1425 ]]","[[ 861.9]
 [ 892.3]
 [1079.1]
 [1182.7]
 [1110. ]
 [1160. ]
 [1300. ]
 [1327. ]
 [1364.1]
 [1524.9]
 [1560. ]]",4.911929368972778,70.6244,"[[1602.4237]
 [1572.734 ]
 [1535.9698]
 [1462.4409]]","[[1537.]
 [1495.]
 [1411.]
 [1350.]]",6.660491973161697,98.21311
16,Tianjin(10kTEU),"[[ 509.94455]
 [ 600.46265]
 [ 706.05176]
 [ 910.6136 ]
 [ 940.3879 ]
 [ 958.7672 ]
 [1085.5845 ]
 [1223.4293 ]
 [1289.595  ]
 [1354.8414 ]
 [1451.4248 ]]","[[ 480.10004]
 [ 595.     ]
 [ 817.60004]
 [ 850.     ]
 [ 869.99994]
 [1008.     ]
 [1158.0001 ]
 [1230.     ]
 [1301.0001 ]
 [1406.1001 ]
 [1411.     ]]",5.005303838036277,55.673386,"[[1490.8483]
 [1543.7582]
 [1626.7507]
 [1742.7618]]","[[1507.    ]
 [1600.0001]
 [1730.    ]
 [1835.    ]]",3.8954176008701324,75.15372
16,Rotterdam(10kTEU),"[[ 923.27106]
 [ 993.1602 ]
 [1031.4382 ]
 [1053.8134 ]
 [1117.5868 ]
 [1040.9268 ]
 [1142.0332 ]
 [1193.8314 ]
 [1193.052  ]
 [1175.7623 ]
 [1223.734  ]]","[[ 930.00006]
 [ 965.50006]
 [ 990.     ]
 [1080.     ]
 [ 974.3    ]
 [1114.5    ]
 [1187.6    ]
 [1186.5    ]
 [1162.1    ]
 [1229.8    ]
 [1223.     ]]",3.916286338459362,56.541283,"[[1229.4164]
 [1319.225 ]
 [1370.9845]
 [1391.5557]]","[[1373.    ]
 [1450.9999]
 [1481.9999]
 [1435.    ]]",7.514429092407227,114.228615
16,Kelang(10kTEU),"[[ 592.0476 ]
 [ 621.6185 ]
 [ 698.71045]
 [ 795.9132 ]
 [ 860.78076]
 [ 795.61743]
 [ 949.50543]
 [1021.7668 ]
 [1060.9042 ]
 [1095.4083 ]
 [1154.1637 ]]","[[ 554.4    ]
 [ 632.6    ]
 [ 731.2    ]
 [ 797.     ]
 [ 730.9    ]
 [ 887.     ]
 [ 960.30005]
 [ 999.99994]
 [1035.     ]
 [1094.6    ]
 [1189.     ]]",4.544183882800016,52.47513,"[[1342.7079]
 [1386.8884]
 [1269.3514]
 [1374.3845]]","[[1373.]
 [1232.]
 [1358.]
 [1324.]]",6.2779344618320465,93.948395
16,Kaohsiung(10kTEU),"[[ 953.2623 ]
 [ 967.25055]
 [ 959.3551 ]
 [ 963.856  ]
 [ 950.402  ]
 [ 924.2312 ]
 [ 962.6398 ]
 [ 953.7554 ]
 [ 959.95435]
 [ 975.6357 ]
 [1041.0576 ]]","[[ 947.0999 ]
 [ 977.49994]
 [ 919.99994]
 [ 967.7    ]
 [ 858.1    ]
 [ 918.1    ]
 [ 963.5999 ]
 [ 978.1    ]
 [ 993.8    ]
 [1059.3    ]
 [1026.     ]]",3.0144095420837402,41.81067,"[[1027.7734]
 [1008.7961]
 [1026.7745]
 [1023.7782]]","[[1027.     ]
 [1045.     ]
 [1042.     ]
 [ 962.00006]]",2.8557050973176956,36.6049
16,Dalian(10kTEU),"[[ 300.9043 ]
 [ 343.84314]
 [ 397.25494]
 [ 533.4026 ]
 [ 520.16864]
 [ 524.83386]
 [ 590.52747]
 [ 700.7785 ]
 [ 858.82404]
 [1035.1495 ]
 [1044.5751 ]]","[[ 265.1    ]
 [ 321.2    ]
 [ 464.2    ]
 [ 450.29996]
 [ 455.2    ]
 [ 524.2    ]
 [ 640.     ]
 [ 806.     ]
 [ 991.2001 ]
 [1001.10004]
 [ 945.     ]]",10.536704280159691,73.55934,"[[1006.39667]
 [1014.96545]
 [1021.63   ]
 [1060.1964 ]]","[[ 970.     ]
 [ 977.00006]
 [1021.     ]
 [ 653.99994]]",17.45235323905945,204.79384
16,Hanburg(10kTEU),"[[798.5842 ]
 [902.1071 ]
 [933.1366 ]
 [945.1866 ]
 [802.9259 ]
 [798.96594]
 [884.1695 ]
 [936.8145 ]
 [933.1608 ]
 [943.7832 ]
 [805.6211 ]]","[[808.8    ]
 [886.2    ]
 [936.     ]
 [973.7    ]
 [700.7    ]
 [789.99994]
 [901.39996]
 [886.3    ]
 [930.2    ]
 [973.     ]
 [882.     ]]",3.7825616923245513,43.956455,"[[934.29803]
 [933.08826]
 [929.9426 ]
 [943.7348 ]]","[[886.     ]
 [873.     ]
 [929.99994]
 [870.     ]]",5.203908681869507,53.33883
16,Antwerp(10kTEU),"[[646.60754]
 [715.4059 ]
 [816.7143 ]
 [857.46246]
 [866.0045 ]
 [828.54706]
 [860.5863 ]
 [866.0045 ]
 [865.1475 ]
 [863.6271 ]
 [874.68463]]","[[648.2   ]
 [701.9   ]
 [835.5   ]
 [866.4   ]
 [730.9001]
 [846.8   ]
 [866.4   ]
 [863.3   ]
 [857.8   ]
 [897.8   ]
 [965.    ]]",3.7360280752182007,51.011456,"[[904.0425 ]
 [915.37646]
 [933.3451 ]
 [933.3451 ]]","[[1045.]
 [1110.]
 [1110.]
 [1204.]]",17.354227602481842,201.3755
16,Xiamen(10kTEU),"[[338.4112 ]
 [386.11337]
 [454.8601 ]
 [516.6002 ]
 [557.9293 ]
 [521.98206]
 [637.7447 ]
 [701.7186 ]
 [777.97974]
 [859.9275 ]
 [917.19946]]","[[334.2    ]
 [401.9    ]
 [462.70004]
 [503.39996]
 [468.00003]
 [582.     ]
 [645.     ]
 [720.1    ]
 [800.8    ]
 [857.2001 ]
 [918.     ]]",4.178657856854525,34.52463,"[[1019.0771]
 [1092.894 ]
 [1056.4648]
 [1163.8351]]","[[1038.     ]
 [ 999.99994]
 [1112.     ]
 [1141.     ]]",4.526979476213455,56.109234
16,Tanjung(10kTEU),"[[446.16962]
 [461.98962]
 [521.74255]
 [595.30035]
 [605.3767 ]
 [647.2945 ]
 [699.0871 ]
 [798.8435 ]
 [816.9809 ]
 [809.72595]
 [902.63025]]","[[417.7    ]
 [476.99997]
 [550.     ]
 [560.     ]
 [601.6    ]
 [653.     ]
 [752.     ]
 [770.     ]
 [762.8    ]
 [855.     ]
 [910.     ]]",4.263242266394875,32.75056,"[[875.424 ]
 [885.5004]
 [941.2331]
 [954.2297]]","[[838.     ]
 [896.     ]
 [910.     ]
 [984.99994]]",3.0484480783343315,29.296385
16,Los Angeles(10kTEU),"[[793.1834 ]
 [807.2097 ]
 [757.66455]
 [774.53864]
 [796.3466 ]
 [788.0518 ]
 [797.53204]
 [790.7315 ]
 [782.1216 ]
 [795.1612 ]
 [765.7753 ]]","[[748.5]
 [847. ]
 [710.3]
 [785. ]
 [726.1]
 [783.1]
 [794. ]
 [807.8]
 [786.9]
 [834. ]
 [816. ]]",3.9047493176026777,37.23322,"[[733.3322 ]
 [697.7697 ]
 [695.898  ]
 [705.88043]]","[[943.00006]
 [945.99994]
 [930.     ]
 [920.     ]]",24.23005849123001,227.06265
16,Long Beach(10kTEU),"[[659.03845]
 [653.1786 ]
 [712.79535]
 [715.02673]
 [628.8157 ]
 [627.32434]
 [622.8853 ]
 [635.086  ]
 [639.2028 ]
 [655.3735 ]
 [665.22833]]","[[671. ]
 [729. ]
 [731.2]
 [648.8]
 [506.7]
 [626.3]
 [610. ]
 [604.5]
 [673. ]
 [682.1]
 [719. ]]",6.614784760908647,53.410454,"[[663.0554 ]
 [737.93274]
 [792.81494]
 [746.91345]]","[[754.]
 [809.]
 [763.]
 [811.]]",8.163988590240479,67.67106
32,Ningbo(10kTEU),"[[ 577.69257]
 [ 688.8493 ]
 [ 860.71246]
 [1071.5682 ]
 [1209.798  ]
 [1170.4358 ]
 [1421.7028 ]
 [1587.6642 ]
 [1715.2168 ]
 [1836.6066 ]
 [2048.5708 ]]","[[ 520.8    ]
 [ 706.7999 ]
 [ 934.99994]
 [1084.5999 ]
 [1042.     ]
 [1300.4    ]
 [1451.2    ]
 [1567.1    ]
 [1677.4    ]
 [1869.9999 ]
 [2063.     ]]",5.162964083931663,72.82651,"[[2338.3728]
 [2632.1785]
 [2802.002 ]
 [2913.2654]]","[[2461.]
 [2635.]
 [2749.]
 [2872.]]",2.1136900410056114,69.92394
32,Shanghai(10kTEU),"[[1815.6334]
 [2200.1807]
 [2598.3232]
 [2843.833 ]
 [2777.6252]
 [2887.2888]
 [2921.377 ]
 [3273.8264]
 [3378.1086]
 [3521.729 ]
 [3741.911 ]]","[[1808.4   ]
 [2171.    ]
 [2615.    ]
 [2798.    ]
 [2500.2   ]
 [2906.8997]
 [3173.9   ]
 [3252.9   ]
 [3361.7   ]
 [3528.5   ]
 [3654.    ]]",2.4978263811631636,117.891,"[[3976.9702]
 [4367.827 ]
 [4592.2534]
 [4754.9004]]","[[4023.0002]
 [4201.    ]
 [4330.    ]
 [4350.    ]]",5.120004341006279,256.25732
32,Singapore(10kTEU),"[[2378.657 ]
 [2532.085 ]
 [2663.853 ]
 [2922.7776]
 [3086.0056]
 [2752.3848]
 [2963.5435]
 [3087.6526]
 [3228.5625]
 [3305.1526]
 [3061.7617]]","[[2319.2   ]
 [2479.2   ]
 [2793.6   ]
 [2991.8   ]
 [2586.7   ]
 [2843.1   ]
 [2993.8   ]
 [3164.9   ]
 [3257.8997]
 [3386.9   ]
 [3092.    ]]",3.807756846601313,165.36626,"[[3166.8784]
 [3102.5115]
 [2494.5198]
 [2369.4653]]","[[3366.9998]
 [3660.    ]
 [3720.    ]
 [3660.    ]]",22.344765067100525,937.83307
32,Shenzhen(10kTEU),"[[1610.4337]
 [1861.8021]
 [2092.7605]
 [2206.2505]
 [2219.8435]
 [2083.3103]
 [2267.0952]
 [2269.7275]
 [2285.6938]
 [2300.2793]
 [2333.0317]]","[[1619.7]
 [1846.9]
 [2109.9]
 [2141.4]
 [1825. ]
 [2250.9]
 [2257. ]
 [2294. ]
 [2327.8]
 [2403.7]
 [2420. ]]",4.13735725662925,138.01129,"[[2330.1404]
 [2380.0603]
 [2476.794 ]
 [2401.4717]]","[[2521.]
 [2774.]
 [2577.]
 [2655.]]",8.802375197410583,257.8438
32,Hong Kong(10kTEU),"[[2237.263 ]
 [2246.091 ]
 [2365.6797]
 [2415.0425]
 [2207.575 ]
 [2270.3704]
 [2382.8867]
 [2254.073 ]
 [2320.2961]
 [2239.6384]
 [2228.7756]]","[[2242.7]
 [2353.9]
 [2399.8]
 [2449.4]
 [2104. ]
 [2369.9]
 [2438.4]
 [2311.7]
 [2236.7]
 [2222.6]
 [2007. ]]",3.3720970153808594,94.14519,"[[2313.5083]
 [2280.1904]
 [2320.8733]
 [2366.4663]]","[[2076.]
 [1960.]
 [1830.]
 [2007.]]",18.12780499458313,363.6979
32,Busan(10kTEU),"[[1244.0616]
 [1272.1383]
 [1285.9772]
 [1296.6265]
 [1308.091 ]
 [1283.0968]
 [1577.3853]
 [1740.8044]
 [1810.521 ]
 [1862.2825]
 [1942.513 ]]","[[1184.3   ]
 [1203.    ]
 [1327.    ]
 [1345.2   ]
 [1197.9999]
 [1419.4   ]
 [1618.4   ]
 [1704.6   ]
 [1768.6   ]
 [1867.8   ]
 [1945.    ]]",3.9763461459766734,65.974785,"[[2020.4175]
 [2062.0183]
 [2138.0708]
 [2159.5215]]","[[2049.]
 [2166.]
 [2199.]
 [2159.]]",2.2476261481642723,61.930992
32,Guangzhou(10kTEU),"[[ 532.20264]
 [ 659.0873 ]
 [ 834.08563]
 [1156.1345 ]
 [1221.6539 ]
 [1238.2981 ]
 [1358.0646 ]
 [1508.6537 ]
 [1551.1884 ]
 [1601.0323 ]
 [1714.7224 ]]","[[ 468.5   ]
 [ 660.    ]
 [1025.7   ]
 [1100.1   ]
 [1119.    ]
 [1255.    ]
 [1426.    ]
 [1474.3002]
 [1530.9   ]
 [1660.    ]
 [1722.0001]]",5.491751432418823,76.55581,"[[1863.2803]
 [1959.4315]
 [2054.3176]
 [2140.3477]]","[[2037.0001]
 [2187.    ]
 [2323.    ]
 [2319.    ]]",9.550940245389938,215.68083
32,Qingdao(10kTEU),"[[ 648.11816]
 [ 775.86346]
 [ 928.5667 ]
 [1063.4989 ]
 [1149.884  ]
 [1143.7837 ]
 [1321.9141 ]
 [1424.4003 ]
 [1575.181  ]
 [1678.5822 ]
 [1786.3553 ]]","[[ 630.7   ]
 [ 770.2   ]
 [ 946.2   ]
 [1032.    ]
 [1026.    ]
 [1201.2   ]
 [1302.    ]
 [1450.3   ]
 [1552.    ]
 [1657.9999]
 [1747.0001]]",3.051844781095331,46.573162,"[[1929.7184]
 [1958.62  ]
 [1954.6332]
 [2228.6985]]","[[1830.]
 [1826.]
 [2101.]
 [2200.]]",5.245742201805115,111.555664
32,Dubai(10kTEU),"[[ 836.68274]
 [ 992.19415]
 [1013.7812 ]
 [1146.4275 ]
 [1232.183  ]
 [1168.3694 ]
 [1209.8837 ]
 [1347.4125 ]
 [1373.9359 ]
 [1410.3811 ]
 [1568.3428 ]]","[[ 861.9]
 [ 892.3]
 [1079.1]
 [1182.7]
 [1110. ]
 [1160. ]
 [1300. ]
 [1327. ]
 [1364.1]
 [1524.9]
 [1560. ]]",4.74599383094094,69.42247,"[[1614.0588]
 [1580.2291]
 [1538.9705]
 [1456.4531]]","[[1537.]
 [1495.]
 [1411.]
 [1350.]]",6.917358934879303,101.13206
32,Tianjin(10kTEU),"[[ 515.7992 ]
 [ 607.08496]
 [ 713.56946]
 [ 919.8659 ]
 [ 949.8929 ]
 [ 968.42804]
 [1096.3207 ]
 [1235.3347 ]
 [1302.0612 ]
 [1367.8612 ]
 [1465.2634 ]]","[[ 480.10004]
 [ 595.     ]
 [ 817.60004]
 [ 850.     ]
 [ 869.99994]
 [1008.     ]
 [1158.0001 ]
 [1230.     ]
 [1301.0001 ]
 [1406.1001 ]
 [1411.     ]]",5.084186792373657,55.03187,"[[1499.7766]
 [1539.4146]
 [1602.0223]
 [1688.8193]]","[[1507.    ]
 [1600.0001]
 [1730.    ]
 [1835.    ]]",4.907430335879326,101.82075
32,Rotterdam(10kTEU),"[[ 917.76715]
 [1003.5569 ]
 [1035.2461 ]
 [1056.7377 ]
 [1071.9348 ]
 [1043.1013 ]
 [1106.7788 ]
 [1185.4973 ]
 [1184.3127 ]
 [1158.0374 ]
 [1230.9409 ]]","[[ 930.00006]
 [ 965.50006]
 [ 990.     ]
 [1080.     ]
 [ 974.3    ]
 [1114.5    ]
 [1187.6    ]
 [1186.5    ]
 [1162.1    ]
 [1229.8    ]
 [1223.     ]]",3.972237218510021,53.13453,"[[1239.0282]
 [1347.7074]
 [1409.848 ]
 [1434.5453]]","[[1373.    ]
 [1450.9999]
 [1481.9999]
 [1435.    ]]",5.444135144352913,91.956345
32,Kelang(10kTEU),"[[ 582.5718 ]
 [ 621.5155 ]
 [ 723.02893]
 [ 822.361  ]
 [ 802.3945 ]
 [ 822.4521 ]
 [ 915.3916 ]
 [1008.2561 ]
 [1058.5524 ]
 [1102.8943 ]
 [1178.4019 ]]","[[ 554.4    ]
 [ 632.6    ]
 [ 731.2    ]
 [ 797.     ]
 [ 730.9    ]
 [ 887.     ]
 [ 960.30005]
 [ 999.99994]
 [1035.     ]
 [1094.6    ]
 [1189.     ]]",3.41989587653767,35.323326,"[[1455.1167]
 [1519.847 ]
 [1347.6401]
 [1501.5272]]","[[1373.]
 [1232.]
 [1358.]
 [1324.]]",10.879077017307281,174.08498
32,Kaohsiung(10kTEU),"[[ 955.87384]
 [ 973.274  ]
 [ 962.293  ]
 [ 964.3951 ]
 [ 951.9801 ]
 [ 924.0823 ]
 [ 963.15765]
 [ 954.5962 ]
 [ 962.92444]
 [ 979.4464 ]
 [1048.3754 ]]","[[ 947.0999 ]
 [ 977.49994]
 [ 919.99994]
 [ 967.7    ]
 [ 858.1    ]
 [ 918.1    ]
 [ 963.5999 ]
 [ 978.1    ]
 [ 993.8    ]
 [1059.3    ]
 [1026.     ]]",3.0149343338879673,41.699047,"[[1034.379  ]
 [1014.38446]
 [1033.3267 ]
 [1030.1697 ]]","[[1027.     ]
 [1045.     ]
 [1042.     ]
 [ 962.00006]]",2.891708165407181,37.795784
32,Dalian(10kTEU),"[[ 296.61963]
 [ 335.08716]
 [ 382.93704]
 [ 505.5063 ]
 [ 493.0514 ]
 [ 497.23083]
 [ 611.58777]
 [ 816.32495]
 [1001.3685 ]
 [ 985.3257 ]
 [ 984.4681 ]]","[[ 265.1    ]
 [ 321.2    ]
 [ 464.2    ]
 [ 450.29996]
 [ 455.2    ]
 [ 524.2    ]
 [ 640.     ]
 [ 806.     ]
 [ 991.2001 ]
 [1001.10004]
 [ 945.     ]]",6.539802117781206,37.92532,"[[987.94165]
 [987.1621 ]
 [986.55566]
 [982.2695 ]]","[[ 970.     ]
 [ 977.00006]
 [1021.     ]
 [ 653.99994]]",14.114372432231903,165.35754
32,Hanburg(10kTEU),"[[799.5361 ]
 [900.53827]
 [932.26263]
 [951.6974 ]
 [801.0195 ]
 [799.9319 ]
 [887.31   ]
 [938.1945 ]
 [932.3017 ]
 [949.43396]
 [803.9004 ]]","[[808.8    ]
 [886.2    ]
 [936.     ]
 [973.7    ]
 [700.7    ]
 [789.99994]
 [901.39996]
 [886.3    ]
 [930.2    ]
 [973.     ]
 [882.     ]]",3.628876534375278,43.173035,"[[934.13586]
 [932.1846 ]
 [927.1112 ]
 [949.35583]]","[[886.     ]
 [873.     ]
 [929.99994]
 [870.     ]]",5.411091446876526,55.05808
32,Antwerp(10kTEU),"[[649.339  ]
 [714.47754]
 [825.7442 ]
 [864.5069 ]
 [872.46216]
 [837.57733]
 [867.4161 ]
 [872.46216]
 [871.664  ]
 [870.24805]
 [880.5461 ]]","[[648.2   ]
 [701.9   ]
 [835.5   ]
 [866.4   ]
 [730.9001]
 [846.8   ]
 [866.4   ]
 [863.3   ]
 [857.8   ]
 [897.8   ]
 [965.    ]]",3.4933122721585357,50.947292,"[[907.7101 ]
 [918.19385]
 [934.8144 ]
 [934.8144 ]]","[[1045.]
 [1110.]
 [1110.]
 [1204.]]",17.139430344104767,199.2417
32,Xiamen(10kTEU),"[[347.79263]
 [395.17148]
 [463.41724]
 [517.61786]
 [537.18835]
 [520.1663 ]
 [638.97266]
 [722.0677 ]
 [795.0259 ]
 [863.11536]
 [910.70197]]","[[334.2    ]
 [401.9    ]
 [462.70004]
 [503.39996]
 [468.00003]
 [582.     ]
 [645.     ]
 [720.1    ]
 [800.8    ]
 [857.2001 ]
 [918.     ]]",3.412978757511486,28.927677,"[[ 994.88214]
 [1056.8706 ]
 [1026.2789 ]
 [1116.4441 ]]","[[1038.     ]
 [ 999.99994]
 [1112.     ]
 [1141.     ]]",4.925467818975449,57.106297
32,Tanjung(10kTEU),"[[440.64005]
 [457.7645 ]
 [522.4445 ]
 [602.06757]
 [612.9749 ]
 [658.349  ]
 [714.4124 ]
 [804.52295]
 [820.7076 ]
 [814.23376]
 [897.1355 ]]","[[417.7    ]
 [476.99997]
 [550.     ]
 [560.     ]
 [601.6    ]
 [653.     ]
 [752.     ]
 [770.     ]
 [762.8    ]
 [855.     ]
 [910.     ]]",4.364692622965032,32.148186,"[[872.8584]
 [881.8499]
 [931.3189]
 [942.625 ]]","[[838.     ]
 [896.     ]
 [910.     ]
 [984.99994]]",3.0959315598011017,30.271538
32,Los Angeles(10kTEU),"[[788.242  ]
 [803.8275 ]
 [719.4301 ]
 [767.5248 ]
 [800.9333 ]
 [782.54   ]
 [801.0945 ]
 [800.17   ]
 [798.99963]
 [800.77216]
 [796.7775 ]]","[[748.5]
 [847. ]
 [710.3]
 [785. ]
 [726.1]
 [783.1]
 [794. ]
 [807.8]
 [786.9]
 [834. ]
 [816. ]]",3.0919484116814355,31.853235,"[[423.33243 ]
 [ -9.435522]
 [-32.212193]
 [ 89.266235]]","[[943.00006]
 [945.99994]
 [930.     ]
 [920.     ]]",87.4665379524231,836.49304
32,Long Beach(10kTEU),"[[645.1583 ]
 [653.12573]
 [715.5961 ]
 [717.9657 ]
 [629.2146 ]
 [639.6391 ]
 [628.20557]
 [633.94183]
 [635.8773 ]
 [655.27985]
 [665.08124]]","[[671. ]
 [729. ]
 [731.2]
 [648.8]
 [506.7]
 [626.3]
 [610. ]
 [604.5]
 [673. ]
 [682.1]
 [719. ]]",7.105873931537975,54.64159,"[[662.8194 ]
 [742.47253]
 [801.5867 ]
 [752.14575]]","[[754.]
 [809.]
 [763.]
 [811.]]",8.157641440629959,66.50669
64,Ningbo(10kTEU),"[[ 585.5188 ]
 [ 698.99194]
 [ 874.4367 ]
 [1089.6866 ]
 [1230.797  ]
 [1190.6146 ]
 [1450.0848 ]
 [1612.1119 ]
 [1739.8687 ]
 [1861.4525 ]
 [2073.7554 ]]","[[ 520.8    ]
 [ 706.7999 ]
 [ 934.99994]
 [1084.5999 ]
 [1042.     ]
 [1300.4    ]
 [1451.2    ]
 [1567.1    ]
 [1677.4    ]
 [1869.9999 ]
 [2063.     ]]",4.971882971850309,74.92954,"[[2357.7734]
 [2644.9585]
 [2810.6096]
 [2919.1396]]","[[2461.]
 [2635.]
 [2749.]
 [2872.]]",2.1137364208698273,64.7549
64,Shanghai(10kTEU),"[[1809.5251]
 [2188.6968]
 [2581.6116]
 [2792.0405]
 [2710.6147]
 [2843.7632]
 [2846.4412]
 [3196.8748]
 [3300.5605]
 [3443.3591]
 [3662.2815]]","[[1808.4   ]
 [2171.    ]
 [2615.    ]
 [2798.    ]
 [2500.2   ]
 [2906.8997]
 [3173.9   ]
 [3252.9   ]
 [3361.7   ]
 [3528.5   ]
 [3654.    ]]",2.6775335723703555,124.73572,"[[3902.2046]
 [4303.269 ]
 [4533.5576]
 [4700.452 ]]","[[4023.0002]
 [4201.    ]
 [4330.    ]
 [4350.    ]]",4.548623412847519,217.5448
64,Singapore(10kTEU),"[[2322.2805]
 [2530.7458]
 [2742.2698]
 [2926.5017]
 [3013.0989]
 [2838.6855]
 [2947.1401]
 [3014.603 ]
 [3192.428 ]
 [3291.5247]
 [3099.3982]]","[[2319.2   ]
 [2479.2   ]
 [2793.6   ]
 [2991.8   ]
 [2586.7   ]
 [2843.1   ]
 [2993.8   ]
 [3164.9   ]
 [3257.8997]
 [3386.9   ]
 [3092.    ]]",3.1130763617428867,144.47545,"[[3111.0464]
 [3129.6785]
 [2683.8303]
 [2592.42  ]]","[[3366.9998]
 [3660.    ]
 [3720.    ]
 [3660.    ]]",19.7785884141922,800.02
64,Shenzhen(10kTEU),"[[1612.9159]
 [1868.606 ]
 [2084.3472]
 [2198.4102]
 [2212.0715]
 [2074.849 ]
 [2259.562 ]
 [2262.2075]
 [2278.2542]
 [2292.9136]
 [2325.831 ]]","[[1619.7]
 [1846.9]
 [2109.9]
 [2141.4]
 [1825. ]
 [2250.9]
 [2257. ]
 [2294. ]
 [2327.8]
 [2403.7]
 [2420. ]]",4.238760471343994,138.12119,"[[2322.9253]
 [2375.5486]
 [2482.1973]
 [2399.1545]]","[[2521.]
 [2774.]
 [2577.]
 [2655.]]",8.883985131978989,260.97968
64,Hong Kong(10kTEU),"[[2221.6086]
 [2215.8672]
 [2375.139 ]
 [2437.8403]
 [2180.6882]
 [2353.337 ]
 [2399.4275]
 [2238.696 ]
 [2311.0781]
 [2207.6223]
 [2188.9966]]","[[2242.7]
 [2353.9]
 [2399.8]
 [2449.4]
 [2104. ]
 [2369.9]
 [2438.4]
 [2311.7]
 [2236.7]
 [2222.6]
 [2007. ]]",2.770127762447704,80.97289,"[[2433.4932]
 [2372.7422]
 [2446.922 ]
 [2530.0552]]","[[2076.]
 [1960.]
 [1830.]
 [2007.]]",24.5129257440567,487.9388
64,Busan(10kTEU),"[[1253.3096]
 [1267.8988]
 [1275.6057]
 [1325.7653]
 [1333.1274]
 [1273.5831]
 [1515.2473]
 [1693.2848]
 [1770.4044]
 [1827.6628]
 [1916.4132]]","[[1184.3   ]
 [1203.    ]
 [1327.    ]
 [1345.2   ]
 [1197.9999]
 [1419.4   ]
 [1618.4   ]
 [1704.6   ]
 [1768.6   ]
 [1867.8   ]
 [1945.    ]]",4.440935362469067,76.70205,"[[2007.4493]
 [2055.8687]
 [2144.23  ]
 [2169.1526]]","[[2049.]
 [2166.]
 [2199.]
 [2159.]]",2.5183308869600296,65.11183
64,Guangzhou(10kTEU),"[[ 477.1485]
 [ 695.9271]
 [1017.7911]
 [1152.2397]
 [1226.2389]
 [1245.037 ]
 [1380.3038]
 [1550.3822]
 [1598.422 ]
 [1654.7168]
 [1783.1211]]","[[ 468.5   ]
 [ 660.    ]
 [1025.7   ]
 [1100.1   ]
 [1119.    ]
 [1255.    ]
 [1426.    ]
 [1474.3002]
 [1530.9   ]
 [1660.    ]
 [1722.0001]]",3.6200715736909346,53.89014,"[[2004.5946]
 [2152.4172]
 [2298.1233]
 [2430.2202]]","[[2037.0001]
 [2187.    ]
 [2323.    ]
 [2319.    ]]",2.2597655653953552,61.714813
64,Qingdao(10kTEU),"[[ 657.3342 ]
 [ 767.39636]
 [ 898.9617 ]
 [1064.9508 ]
 [1149.2013 ]
 [1143.0463 ]
 [1322.7761 ]
 [1426.1823 ]
 [1571.2998 ]
 [1670.1543 ]
 [1773.1882 ]]","[[ 630.7   ]
 [ 770.2   ]
 [ 946.2   ]
 [1032.    ]
 [1026.    ]
 [1201.2   ]
 [1302.    ]
 [1450.3   ]
 [1552.    ]
 [1657.9999]
 [1747.0001]]",3.305077010935003,47.49566,"[[1885.3986]
 [1906.7466]
 [1903.8021]
 [2106.2402]]","[[1830.]
 [1826.]
 [2101.]
 [2200.]]",5.274251103401184,119.65253
64,Dubai(10kTEU),"[[ 861.71155]
 [ 974.92004]
 [ 998.9169 ]
 [1146.371  ]
 [1228.1497 ]
 [1170.7626 ]
 [1210.231  ]
 [1346.343  ]
 [1393.5829 ]
 [1458.4935 ]
 [1570.6459 ]]","[[ 861.9]
 [ 892.3]
 [1079.1]
 [1182.7]
 [1110. ]
 [1160. ]
 [1300. ]
 [1327. ]
 [1364.1]
 [1524.9]
 [1560. ]]",4.265164787119085,62.140198,"[[1597.8135]
 [1577.8555]
 [1552.7808]
 [1502.5913]]","[[1537.]
 [1495.]
 [1411.]
 [1350.]]",7.712528109550476,116.13484
64,Tianjin(10kTEU),"[[ 500.59268]
 [ 594.8451 ]
 [ 704.7903 ]
 [ 917.79114]
 [ 948.79407]
 [ 967.9316 ]
 [1099.9806 ]
 [1236.7899 ]
 [1302.355  ]
 [1367.0098 ]
 [1417.8569 ]]","[[ 480.10004]
 [ 595.     ]
 [ 817.60004]
 [ 850.     ]
 [ 869.99994]
 [1008.     ]
 [1158.0001 ]
 [1230.     ]
 [1301.0001 ]
 [1406.1001 ]
 [1411.     ]]",4.366535219279203,52.695454,"[[1430.5646]
 [1445.1033]
 [1468.3003]
 [1500.6058]]","[[1507.    ]
 [1600.0001]
 [1730.    ]
 [1835.    ]]",12.025836110115051,229.20602
64,Rotterdam(10kTEU),"[[ 926.8914 ]
 [1003.97107]
 [1034.7739 ]
 [1055.9393 ]
 [1076.9692 ]
 [1042.4094 ]
 [1138.6241 ]
 [1222.2903 ]
 [1221.8065 ]
 [1211.0751 ]
 [1240.8506 ]]","[[ 930.00006]
 [ 965.50006]
 [ 990.     ]
 [1080.     ]
 [ 974.3    ]
 [1114.5    ]
 [1187.6    ]
 [1186.5    ]
 [1162.1    ]
 [1229.8    ]
 [1223.     ]]",3.939621827819131,50.204166,"[[1244.2118]
 [1285.1193]
 [1307.9142]
 [1316.9738]]","[[1373.    ]
 [1450.9999]
 [1481.9999]
 [1435.    ]]",10.195928812026978,148.60922
64,Kelang(10kTEU),"[[ 578.1095 ]
 [ 618.63947]
 [ 724.2875 ]
 [ 820.83   ]
 [ 801.98083]
 [ 820.92316]
 [ 909.98303]
 [ 997.94495]
 [1045.5857 ]
 [1087.5868 ]
 [1177.3325 ]]","[[ 554.4    ]
 [ 632.6    ]
 [ 731.2    ]
 [ 797.     ]
 [ 730.9    ]
 [ 887.     ]
 [ 960.30005]
 [ 999.99994]
 [1035.     ]
 [1094.6    ]
 [1189.     ]]",3.243940526788885,35.193897,"[[1496.506 ]
 [1570.88  ]
 [1373.0167]
 [1549.8307]]","[[1373.]
 [1232.]
 [1358.]
 [1324.]]",13.666081428527832,212.90747
64,Kaohsiung(10kTEU),"[[ 948.01825]
 [ 957.3792 ]
 [ 967.8339 ]
 [ 966.22894]
 [ 937.36694]
 [ 918.1515 ]
 [ 964.75323]
 [ 941.3501 ]
 [ 969.79285]
 [1018.565  ]
 [1024.1295 ]]","[[ 947.0999 ]
 [ 977.49994]
 [ 919.99994]
 [ 967.7    ]
 [ 858.1    ]
 [ 918.1    ]
 [ 963.5999 ]
 [ 978.1    ]
 [ 993.8    ]
 [1059.3    ]
 [1026.     ]]",2.4609319188378076,33.804604,"[[1022.9995 ]
 [1021.38544]
 [1022.91455]
 [1022.6597 ]]","[[1027.     ]
 [1045.     ]
 [1042.     ]
 [ 962.00006]]",2.6966234669089317,33.976097
64,Dalian(10kTEU),"[[290.83875]
 [329.3178 ]
 [377.18207]
 [499.1889 ]
 [487.32944]
 [491.51013]
 [608.6942 ]
 [795.1486 ]
 [975.8329 ]
 [942.5617 ]
 [940.45044]]","[[ 265.1    ]
 [ 321.2    ]
 [ 464.2    ]
 [ 450.29996]
 [ 455.2    ]
 [ 524.2    ]
 [ 640.     ]
 [ 806.     ]
 [ 991.2001 ]
 [1001.10004]
 [ 945.     ]]",6.295515190471303,39.96925,"[[949.0022]
 [947.0828]
 [945.5901]
 [936.2066]]","[[ 970.     ]
 [ 977.00006]
 [1021.     ]
 [ 653.99994]]",13.940908014774323,147.19307
64,Hanburg(10kTEU),"[[800.599  ]
 [893.7391 ]
 [930.4055 ]
 [955.28064]
 [791.8257 ]
 [800.97626]
 [884.8302 ]
 [937.71265]
 [930.453  ]
 [952.3357 ]
 [795.11066]]","[[808.8    ]
 [886.2    ]
 [936.     ]
 [973.7    ]
 [700.7    ]
 [789.99994]
 [901.39996]
 [886.3    ]
 [930.2    ]
 [973.     ]
 [882.     ]]",3.4899860620498657,42.441067,"[[932.67944]
 [930.31085]
 [924.15234]
 [952.23413]]","[[886.     ]
 [873.     ]
 [929.99994]
 [870.     ]]",5.478587746620178,55.36278
64,Antwerp(10kTEU),"[[649.01276]
 [712.0575 ]
 [824.8995 ]
 [863.16266]
 [871.07086]
 [836.39246]
 [866.0547 ]
 [871.07086]
 [870.27747]
 [868.8698 ]
 [879.107  ]]","[[648.2   ]
 [701.9   ]
 [835.5   ]
 [866.4   ]
 [730.9001]
 [846.8   ]
 [866.4   ]
 [863.3   ]
 [857.8   ]
 [897.8   ]
 [965.    ]]",3.4672341563484887,50.823765,"[[901.8933 ]
 [910.4756 ]
 [924.07336]
 [924.07336]]","[[1045.]
 [1110.]
 [1110.]
 [1204.]]",17.917364835739136,208.09683
64,Xiamen(10kTEU),"[[350.43158]
 [395.0195 ]
 [459.24515]
 [516.92487]
 [555.7377 ]
 [521.9528 ]
 [639.7751 ]
 [707.1332 ]
 [787.42847]
 [873.7112 ]
 [934.01276]]","[[334.2    ]
 [401.9    ]
 [462.70004]
 [503.39996]
 [468.00003]
 [582.     ]
 [645.     ]
 [720.1    ]
 [800.8    ]
 [857.2001 ]
 [918.     ]]",4.274361512877724,33.995296,"[[1034.8037]
 [1106.7937]
 [1071.2662]
 [1175.9788]]","[[1038.     ]
 [ 999.99994]
 [1112.     ]
 [1141.     ]]",4.429009184241295,59.78686
64,Tanjung(10kTEU),"[[446.61783]
 [462.5288 ]
 [522.6253 ]
 [596.60596]
 [606.7403 ]
 [648.8991 ]
 [700.98956]
 [801.3194 ]
 [819.5612 ]
 [812.26447]
 [905.703  ]]","[[417.7    ]
 [476.99997]
 [550.     ]
 [560.     ]
 [601.6    ]
 [653.     ]
 [752.     ]
 [770.     ]
 [762.8    ]
 [855.     ]
 [910.     ]]",4.246888106519526,32.79116,"[[878.3403 ]
 [888.4747 ]
 [941.09766]
 [952.6278 ]]","[[838.     ]
 [896.     ]
 [910.     ]
 [984.99994]]",3.0893977731466293,30.409649
64,Los Angeles(10kTEU),"[[791.09357]
 [812.9426 ]
 [742.0824 ]
 [772.43463]
 [797.4281 ]
 [785.83307]
 [798.30524]
 [793.2737 ]
 [786.9034 ]
 [796.5511 ]
 [772.2467 ]]","[[748.5]
 [847. ]
 [710.3]
 [785. ]
 [726.1]
 [783.1]
 [794. ]
 [807.8]
 [786.9]
 [834. ]
 [816. ]]",3.46838425506245,34.09028,"[[651.58417]
 [519.31665]
 [512.3553 ]
 [549.483  ]]","[[943.00006]
 [945.99994]
 [930.     ]
 [920.     ]]",40.29715657234192,380.35898
64,Long Beach(10kTEU),"[[650.95874]
 [661.6688 ]
 [692.9126 ]
 [693.3021 ]
 [607.5125 ]
 [636.6402 ]
 [620.3062 ]
 [630.726  ]
 [634.2419 ]
 [666.5477 ]
 [684.61005]]","[[671. ]
 [729. ]
 [731.2]
 [648.8]
 [506.7]
 [626.3]
 [610. ]
 [604.5]
 [673. ]
 [682.1]
 [719. ]]",5.883204936981201,45.098217,"[[683.624  ]
 [697.1578 ]
 [705.85767]
 [698.6009 ]]","[[754.]
 [809.]
 [763.]
 [811.]]",11.126730591058731,91.32397
100,Ningbo(10kTEU),"[[ 574.8886 ]
 [ 688.62964]
 [ 864.4886 ]
 [1080.2466 ]
 [1221.6901 ]
 [1181.4128 ]
 [1425.7245 ]
 [1568.3026 ]
 [1692.6127 ]
 [1830.1045 ]
 [2070.185  ]]","[[ 520.8    ]
 [ 706.7999 ]
 [ 934.99994]
 [1084.5999 ]
 [1042.     ]
 [1300.4    ]
 [1451.2    ]
 [1567.1    ]
 [1677.4    ]
 [1869.9999 ]
 [2063.     ]]",4.774071953513405,72.12246,"[[2411.944 ]
 [2759.1458]
 [2959.8218]
 [3091.2988]]","[[2461.]
 [2635.]
 [2749.]
 [2872.]]",5.502383783459663,166.0997
100,Shanghai(10kTEU),"[[1809.842 ]
 [2187.4875]
 [2579.7363]
 [2808.573 ]
 [2756.8135]
 [2861.4521]
 [2900.1606]
 [3251.6187]
 [3355.608 ]
 [3498.8235]
 [3718.386 ]]","[[1808.4   ]
 [2171.    ]
 [2615.    ]
 [2798.    ]
 [2500.2   ]
 [2906.8997]
 [3173.9   ]
 [3252.9   ]
 [3361.7   ]
 [3528.5   ]
 [3654.    ]]",2.3491962389512495,116.59698,"[[3954.0447]
 [4342.1787]
 [4564.7837]
 [4726.11  ]]","[[4023.0002]
 [4201.    ]
 [4330.    ]
 [4350.    ]]",4.7857727855443954,235.19583
100,Singapore(10kTEU),"[[2322.6045]
 [2536.8308]
 [2741.182 ]
 [2953.734 ]
 [3024.3743]
 [2851.3125]
 [2967.7917]
 [3026.5522]
 [3212.8708]
 [3314.1428]
 [3223.9668]]","[[2319.2   ]
 [2479.2   ]
 [2793.6   ]
 [2991.8   ]
 [2586.7   ]
 [2843.1   ]
 [2993.8   ]
 [3164.9   ]
 [3257.8997]
 [3386.9   ]
 [3092.    ]]",3.260683471506292,148.84671,"[[3131.3088]
 [3244.3955]
 [2937.3364]
 [2874.2917]]","[[3366.9998]
 [3660.    ]
 [3720.    ]
 [3660.    ]]",15.21553099155426,603.775
100,Shenzhen(10kTEU),"[[1615.3455]
 [1869.8639]
 [2168.256 ]
 [2042.6818]
 [2031.0754]
 [2177.6316]
 [2220.3198]
 [2231.3774]
 [2298.4482]
 [2357.7798]
 [2488.296 ]]","[[1619.7]
 [1846.9]
 [2109.9]
 [2141.4]
 [1825. ]
 [2250.9]
 [2257. ]
 [2294. ]
 [2327.8]
 [2403.7]
 [2420. ]]",3.071216290647333,82.260056,"[[2476.7747]
 [2689.3008]
 [3121.3618]
 [2784.9368]]","[[2521.]
 [2774.]
 [2577.]
 [2655.]]",7.706374675035477,283.87637
100,Hong Kong(10kTEU),"[[2213.4185]
 [2209.5818]
 [2386.2883]
 [2459.312 ]
 [2189.1497]
 [2371.4602]
 [2411.7432]
 [2251.9211]
 [2319.1514]
 [2200.0557]
 [2177.6697]]","[[2242.7]
 [2353.9]
 [2399.8]
 [2449.4]
 [2104. ]
 [2369.9]
 [2438.4]
 [2311.7]
 [2236.7]
 [2222.6]
 [2007. ]]",2.6727925647388804,79.73682,"[[2559.695 ]
 [2414.3103]
 [2591.8328]
 [2790.78  ]]","[[2076.]
 [1960.]
 [1830.]
 [2007.]]",31.790250539779663,639.3471
100,Busan(10kTEU),"[[1244.9536]
 [1275.4497]
 [1291.6968]
 [1297.4666]
 [1298.2295]
 [1287.3525]
 [1571.1277]
 [1668.7391]
 [1747.3553]
 [1813.0063]
 [1914.7657]]","[[1184.3   ]
 [1203.    ]
 [1327.    ]
 [1345.2   ]
 [1197.9999]
 [1419.4   ]
 [1618.4   ]
 [1704.6   ]
 [1768.6   ]
 [1867.8   ]
 [1945.    ]]",4.157829013737765,65.93633,"[[2027.825 ]
 [2087.4583]
 [2196.4692]
 [2227.2163]]","[[2049.]
 [2166.]
 [2199.]
 [2159.]]",1.9835662096738815,53.09675
100,Guangzhou(10kTEU),"[[ 472.2462]
 [ 683.5669]
 [1024.777 ]
 [1147.7301]
 [1228.3625]
 [1249.0883]
 [1398.2244]
 [1566.8116]
 [1613.1819]
 [1667.52  ]
 [1791.4614]]","[[ 468.5   ]
 [ 660.    ]
 [1025.7   ]
 [1100.1   ]
 [1119.    ]
 [1255.    ]
 [1426.    ]
 [1474.3002]
 [1530.9   ]
 [1660.    ]
 [1722.0001]]",3.3744094046679414,57.06106,"[[1994.2314]
 [2128.2673]
 [2260.2197]
 [2379.7268]]","[[2037.0001]
 [2187.    ]
 [2323.    ]
 [2319.    ]]",2.5265855714678764,56.806236
100,Qingdao(10kTEU),"[[ 654.873 ]
 [ 759.6317]
 [ 884.8575]
 [1042.8485]
 [1121.0026]
 [1115.2411]
 [1313.607 ]
 [1429.5614]
 [1563.5618]
 [1653.2136]
 [1746.656 ]]","[[ 630.7   ]
 [ 770.2   ]
 [ 946.2   ]
 [1032.    ]
 [1026.    ]
 [1201.2   ]
 [1302.    ]
 [1450.3   ]
 [1552.    ]
 [1657.9999]
 [1747.0001]]",2.9572259296070444,44.428234,"[[1849.7908]
 [1869.6525]
 [1866.9128]
 [2054.8672]]","[[1830.]
 [1826.]
 [2101.]
 [2200.]]",5.302679538726807,139.78336
100,Dubai(10kTEU),"[[ 857.9119 ]
 [ 970.45526]
 [ 994.93616]
 [1144.4943 ]
 [1223.3276 ]
 [1168.0072 ]
 [1206.0543 ]
 [1355.1774 ]
 [1386.3707 ]
 [1428.5535 ]
 [1549.291  ]]","[[ 861.9]
 [ 892.3]
 [1079.1]
 [1182.7]
 [1110. ]
 [1160. ]
 [1300. ]
 [1327. ]
 [1364.1]
 [1524.9]
 [1560. ]]",4.467151923613115,65.42708,"[[1582.469 ]
 [1558.2432]
 [1526.8402]
 [1463.7686]]","[[1537.]
 [1495.]
 [1411.]
 [1350.]]",5.95642551779747,90.04078
100,Tianjin(10kTEU),"[[ 486.03293]
 [ 621.6672 ]
 [ 810.5328 ]
 [ 899.1246 ]
 [ 947.83734]
 [ 977.90674]
 [1185.3873 ]
 [1296.9911 ]
 [1350.2142 ]
 [1402.6981 ]
 [1480.3896 ]]","[[ 480.10004]
 [ 595.     ]
 [ 817.60004]
 [ 850.     ]
 [ 869.99994]
 [1008.     ]
 [1158.0001 ]
 [1230.     ]
 [1301.0001 ]
 [1406.1001 ]
 [1411.     ]]",3.7316032431342383,45.38739,"[[1479.8882]
 [1471.3853]
 [1456.9622]
 [1436.7489]]","[[1507.    ]
 [1600.0001]
 [1730.    ]
 [1835.    ]]",11.83076947927475,250.21513
100,Rotterdam(10kTEU),"[[ 927.0113]
 [ 991.638 ]
 [1041.0178]
 [1069.3486]
 [1067.7529]
 [1053.2584]
 [1139.7471]
 [1215.8618]
 [1215.3134]
 [1203.1472]
 [1236.9034]]","[[ 930.00006]
 [ 965.50006]
 [ 990.     ]
 [1080.     ]
 [ 974.3    ]
 [1114.5    ]
 [1187.6    ]
 [1186.5    ]
 [1162.1    ]
 [1229.8    ]
 [1223.     ]]",3.512917323545976,45.50698,"[[1240.8925]
 [1303.2212]
 [1339.0763]
 [1353.3127]]","[[1373.    ]
 [1450.9999]
 [1481.9999]
 [1435.    ]]",8.78572091460228,128.83215
100,Kelang(10kTEU),"[[ 578.0015 ]
 [ 618.3812 ]
 [ 723.6376 ]
 [ 822.9761 ]
 [ 798.5267 ]
 [ 823.0897 ]
 [ 909.69336]
 [1000.2324 ]
 [1049.2692 ]
 [1092.5007 ]
 [1171.9314 ]]","[[ 554.4    ]
 [ 632.6    ]
 [ 731.2    ]
 [ 797.     ]
 [ 730.9    ]
 [ 887.     ]
 [ 960.30005]
 [ 999.99994]
 [1035.     ]
 [1094.6    ]
 [1189.     ]]",3.2322842966426504,34.653454,"[[1523.5905]
 [1605.3373]
 [1387.8597]
 [1582.2013]]","[[1373.]
 [1232.]
 [1358.]
 [1324.]]",15.742936730384827,239.59221
100,Kaohsiung(10kTEU),"[[ 953.1665 ]
 [ 970.3235 ]
 [ 960.73413]
 [ 966.7233 ]
 [ 948.7399 ]
 [ 918.9801 ]
 [ 965.2579 ]
 [ 952.4854 ]
 [ 961.4785 ]
 [ 980.9562 ]
 [1041.9369 ]]","[[ 947.0999 ]
 [ 977.49994]
 [ 919.99994]
 [ 967.7    ]
 [ 858.1    ]
 [ 918.1    ]
 [ 963.5999 ]
 [ 978.1    ]
 [ 993.8    ]
 [1059.3    ]
 [1026.     ]]",2.868572148409757,40.519566,"[[1029.727 ]
 [1012.2844]
 [1028.809 ]
 [1026.0548]]","[[1027.     ]
 [1045.     ]
 [1042.     ]
 [ 962.00006]]",2.830161154270172,36.58811
100,Dalian(10kTEU),"[[ 281.60196]
 [ 339.74118]
 [ 412.06076]
 [ 501.65924]
 [ 491.80917]
 [ 494.8199 ]
 [ 620.9776 ]
 [ 813.98956]
 [1007.4095 ]
 [ 999.80396]
 [ 997.46875]]","[[ 265.1    ]
 [ 321.2    ]
 [ 464.2    ]
 [ 450.29996]
 [ 455.2    ]
 [ 524.2    ]
 [ 640.     ]
 [ 806.     ]
 [ 991.2001 ]
 [1001.10004]
 [ 945.     ]]",5.414787205782804,32.500168,"[[1006.92755]
 [1004.8048 ]
 [1003.15344]
 [ 992.63495]]","[[ 970.     ]
 [ 977.00006]
 [1021.     ]
 [ 653.99994]]",15.044975280761719,171.12051
100,Hanburg(10kTEU),"[[801.0097 ]
 [894.183  ]
 [930.12476]
 [956.15076]
 [802.7619 ]
 [801.3916 ]
 [885.45294]
 [937.5317 ]
 [930.1712 ]
 [953.02966]
 [806.0645 ]]","[[808.8    ]
 [886.2    ]
 [936.     ]
 [973.7    ]
 [700.7    ]
 [789.99994]
 [901.39996]
 [886.3    ]
 [930.2    ]
 [973.     ]
 [882.     ]]",3.501478108492764,42.7012,"[[932.3537]
 [930.0319]
 [923.9951]
 [952.922 ]]","[[886.     ]
 [873.     ]
 [929.99994]
 [870.     ]]",5.485401302576065,55.48293
100,Antwerp(10kTEU),"[[649.6706 ]
 [715.07733]
 [827.6953 ]
 [864.3308 ]
 [859.30804]
 [855.85187]
 [862.8647 ]
 [859.30804]
 [859.87067]
 [860.8686 ]
 [964.0853 ]]","[[648.2   ]
 [701.9   ]
 [835.5   ]
 [866.4   ]
 [730.9001]
 [846.8   ]
 [866.4   ]
 [863.3   ]
 [857.8   ]
 [897.8   ]
 [965.    ]]",2.4758916009556162,40.686188,"[[1356.9312]
 [1508.4164]
 [1748.5757]
 [1748.5757]]","[[1045.]
 [1110.]
 [1110.]
 [1204.]]",42.12577939033508,489.99445
100,Xiamen(10kTEU),"[[349.51678]
 [395.4754 ]
 [461.67535]
 [515.0343 ]
 [546.8472 ]
 [518.598  ]
 [644.62244]
 [725.89655]
 [813.92004]
 [883.3223 ]
 [931.36127]]","[[334.2    ]
 [401.9    ]
 [462.70004]
 [503.39996]
 [468.00003]
 [582.     ]
 [645.     ]
 [720.1    ]
 [800.8    ]
 [857.2001 ]
 [918.     ]]",3.9509564638137817,32.635387,"[[1007.72656]
 [1061.9728 ]
 [1035.2053 ]
 [1114.0662 ]]","[[1038.     ]
 [ 999.99994]
 [1112.     ]
 [1141.     ]]",4.595085978507996,53.338467
100,Tanjung(10kTEU),"[[440.88837]
 [457.37555]
 [519.6487 ]
 [596.3088 ]
 [606.8101 ]
 [650.4959 ]
 [704.473  ]
 [792.7759 ]
 [812.82513]
 [804.72614]
 [908.43774]]","[[417.7    ]
 [476.99997]
 [550.     ]
 [560.     ]
 [601.6    ]
 [653.     ]
 [752.     ]
 [770.     ]
 [762.8    ]
 [855.     ]
 [910.     ]]",4.073178768157959,31.63102,"[[878.06665]
 [889.31525]
 [951.6018 ]
 [965.90173]]","[[838.     ]
 [896.     ]
 [910.     ]
 [984.99994]]",3.009455092251301,30.60014
100,Los Angeles(10kTEU),"[[780.439  ]
 [810.89844]
 [717.4556 ]
 [774.094  ]
 [800.8932 ]
 [778.6713 ]
 [801.39575]
 [800.88354]
 [800.86884]
 [800.8912 ]
 [800.8408 ]]","[[748.5]
 [847. ]
 [710.3]
 [785. ]
 [726.1]
 [783.1]
 [794. ]
 [807.8]
 [786.9]
 [834. ]
 [816. ]]",2.8347939252853394,29.742628,"[[418.41583 ]
 [-18.70819 ]
 [-41.715206]
 [ 80.98997 ]]","[[943.00006]
 [945.99994]
 [930.     ]
 [920.     ]]",88.32228183746338,844.692
100,Long Beach(10kTEU),"[[667.87354]
 [676.53217]
 [687.06696]
 [686.05133]
 [542.0876 ]
 [623.8476 ]
 [595.8351 ]
 [635.7553 ]
 [649.2253 ]
 [686.9928 ]
 [706.40784]]","[[671. ]
 [729. ]
 [731.2]
 [648.8]
 [506.7]
 [626.3]
 [610. ]
 [604.5]
 [673. ]
 [682.1]
 [719. ]]",3.664529323577881,29.04794,"[[701.93695]
 [675.43164]
 [649.6349 ]
 [671.21796]]","[[754.]
 [809.]
 [763.]
 [811.]]",13.877198100090027,115.04536
128,Ningbo(10kTEU),"[[ 579.3713 ]
 [ 692.73926]
 [ 868.02136]
 [1083.0719 ]
 [1224.0515 ]
 [1183.9062 ]
 [1433.0533 ]
 [1579.4227 ]
 [1712.8165 ]
 [1850.2529 ]
 [2090.2368 ]]","[[ 520.8    ]
 [ 706.7999 ]
 [ 934.99994]
 [1084.5999 ]
 [1042.     ]
 [1300.4    ]
 [1451.2    ]
 [1567.1    ]
 [1677.4    ]
 [1869.9999 ]
 [2063.     ]]",4.863109371878884,72.42399,"[[2419.1277]
 [2751.0137]
 [2942.7183]
 [3068.3015]]","[[2461.]
 [2635.]
 [2749.]
 [2872.]]",4.99652624130249,151.05754
128,Shanghai(10kTEU),"[[1841.4014]
 [2230.756 ]
 [2632.355 ]
 [2911.1858]
 [2929.615 ]
 [2951.4133]
 [3080.055 ]
 [3443.6887]
 [3550.5986]
 [3697.8367]
 [3923.5657]]","[[1808.4   ]
 [2171.    ]
 [2615.    ]
 [2798.    ]
 [2500.2   ]
 [2906.8997]
 [3173.9   ]
 [3252.9   ]
 [3361.7   ]
 [3528.5   ]
 [3654.    ]]",4.964573274959217,187.4182,"[[4169.0854]
 [4567.064 ]
 [4795.129 ]
 [4960.411 ]]","[[4023.0002]
 [4201.    ]
 [4330.    ]
 [4350.    ]]",9.279857575893402,431.36133
128,Singapore(10kTEU),"[[2326.3613]
 [2539.8489]
 [2754.6484]
 [2990.243 ]
 [3007.8472]
 [2866.14  ]
 [2988.331 ]
 [3011.2317]
 [3300.804 ]
 [3458.199 ]
 [3235.988 ]]","[[2319.2   ]
 [2479.2   ]
 [2793.6   ]
 [2991.8   ]
 [2586.7   ]
 [2843.1   ]
 [2993.8   ]
 [3164.9   ]
 [3257.8997]
 [3386.9   ]
 [3092.    ]]",3.12818397175182,145.99059,"[[3174.0422]
 [3288.2253]
 [2509.5117]
 [2349.5957]]","[[3366.9998]
 [3660.    ]
 [3720.    ]
 [3660.    ]]",21.058006584644318,916.22736
128,Shenzhen(10kTEU),"[[1621.8066]
 [1874.6495]
 [2176.9604]
 [2054.0486]
 [2057.9995]
 [2187.355 ]
 [2257.654 ]
 [2268.7764]
 [2336.2397]
 [2397.868 ]
 [2536.2583]]","[[1619.7]
 [1846.9]
 [2109.9]
 [2141.4]
 [1825. ]
 [2250.9]
 [2257. ]
 [2294. ]
 [2327.8]
 [2403.7]
 [2420. ]]",2.8198239478197964,88.1561,"[[2524.0422]
 [2747.5403]
 [3198.656 ]
 [2847.5188]]","[[2521.]
 [2774.]
 [2577.]
 [2655.]]",8.112236857414246,325.66434
128,Hong Kong(10kTEU),"[[2236.1511]
 [2227.1023]
 [2393.458 ]
 [2477.5486]
 [2226.019 ]
 [2392.4133]
 [2422.7705]
 [2298.783 ]
 [2318.8447]
 [2219.1245]
 [2204.4524]]","[[2242.7]
 [2353.9]
 [2399.8]
 [2449.4]
 [2104. ]
 [2369.9]
 [2438.4]
 [2311.7]
 [2236.7]
 [2222.6]
 [2007. ]]",2.6098576459017666,84.480774,"[[2599.7546]
 [2439.354 ]
 [2635.2117]
 [2854.8162]]","[[2076.]
 [1960.]
 [1830.]
 [2007.]]",33.98236632347107,683.96954
128,Busan(10kTEU),"[[1236.0481]
 [1273.3419]
 [1293.2106]
 [1305.5951]
 [1316.2001]
 [1287.898 ]
 [1593.7393]
 [1727.364 ]
 [1804.599 ]
 [1869.2184]
 [1969.3782]]","[[1184.3   ]
 [1203.    ]
 [1327.    ]
 [1345.2   ]
 [1197.9999]
 [1419.4   ]
 [1618.4   ]
 [1704.6   ]
 [1768.6   ]
 [1867.8   ]
 [1945.    ]]",3.7329318848523223,63.68873,"[[2072.6863]
 [2127.114 ]
 [2226.612 ]
 [2254.672 ]]","[[2049.]
 [2166.]
 [2199.]
 [2159.]]",2.1595656871795654,54.74655
128,Guangzhou(10kTEU),"[[ 464.5891 ]
 [ 657.79553]
 [ 983.84625]
 [1080.0233 ]
 [1141.2023 ]
 [1159.1908 ]
 [1288.6328 ]
 [1451.3873 ]
 [1497.3584 ]
 [1551.2292 ]
 [1674.1039 ]]","[[ 468.5   ]
 [ 660.    ]
 [1025.7   ]
 [1100.1   ]
 [1119.    ]
 [1255.    ]
 [1426.    ]
 [1474.3002]
 [1530.9   ]
 [1660.    ]
 [1722.0001]]",3.5822394219311797,65.01204,"[[1875.1709]
 [2007.1626]
 [2137.3726]
 [2255.4292]]","[[2037.0001]
 [2187.    ]
 [2323.    ]
 [2319.    ]]",6.724914163351059,155.74738
128,Qingdao(10kTEU),"[[ 665.20575]
 [ 769.74426]
 [ 894.7068 ]
 [1052.3655 ]
 [1129.2241 ]
 [1123.8494 ]
 [1317.6841 ]
 [1437.8136 ]
 [1564.8489 ]
 [1651.9661 ]
 [1742.7665 ]]","[[ 630.7   ]
 [ 770.2   ]
 [ 946.2   ]
 [1032.    ]
 [1026.    ]
 [1201.2   ]
 [1302.    ]
 [1450.3   ]
 [1552.    ]
 [1657.9999]
 [1747.0001]]",2.995063229040666,44.227528,"[[1856.7119]
 [1879.1554]
 [1876.0596]
 [2088.883 ]]","[[1830.]
 [1826.]
 [2101.]
 [2200.]]",5.031954497098923,128.92265
128,Dubai(10kTEU),"[[ 863.0822 ]
 [ 980.66455]
 [1004.5073 ]
 [1151.0149 ]
 [1232.2686 ]
 [1175.2498 ]
 [1214.4648 ]
 [1338.1241 ]
 [1393.5092 ]
 [1483.2185 ]
 [1573.8815 ]]","[[ 861.9]
 [ 892.3]
 [1079.1]
 [1182.7]
 [1110. ]
 [1160. ]
 [1300. ]
 [1327. ]
 [1364.1]
 [1524.9]
 [1560. ]]",4.105328700759194,60.147396,"[[1590.0714]
 [1578.1298]
 [1563.1997]
 [1533.1904]]","[[1537.]
 [1495.]
 [1411.]
 [1350.]]",8.34243968129158,128.89009
128,Tianjin(10kTEU),"[[ 480.69843]
 [ 609.55707]
 [ 794.61444]
 [ 874.3051 ]
 [ 917.3807 ]
 [ 946.09375]
 [1137.4062 ]
 [1246.0663 ]
 [1298.2231 ]
 [1349.6556 ]
 [1425.7903 ]]","[[ 480.10004]
 [ 595.     ]
 [ 817.60004]
 [ 850.     ]
 [ 869.99994]
 [1008.     ]
 [1158.0001 ]
 [1230.     ]
 [1301.0001 ]
 [1406.1001 ]
 [1411.     ]]",2.562732317230918,32.338177,"[[1424.4781]
 [1408.0878]
 [1381.2122]
 [1343.4048]]","[[1507.    ]
 [1600.0001]
 [1730.    ]
 [1835.    ]]",16.105374693870544,318.9667
128,Rotterdam(10kTEU),"[[ 924.50885]
 [ 985.343  ]
 [1033.716  ]
 [1062.58   ]
 [1053.0219 ]
 [1045.7072 ]
 [1140.9476 ]
 [1203.139  ]
 [1202.6155 ]
 [1191.     ]
 [1223.2281 ]]","[[ 930.00006]
 [ 965.50006]
 [ 990.     ]
 [1080.     ]
 [ 974.3    ]
 [1114.5    ]
 [1187.6    ]
 [1186.5    ]
 [1162.1    ]
 [1229.8    ]
 [1223.     ]]",3.1743122772736982,41.744164,"[[1227.1279]
 [1283.8597]
 [1316.0398]
 [1328.8295]]","[[1373.    ]
 [1450.9999]
 [1481.9999]
 [1435.    ]]",10.185081511735916,148.34875
128,Kelang(10kTEU),"[[ 570.82465]
 [ 612.94904]
 [ 722.8705 ]
 [ 822.4395 ]
 [ 771.23175]
 [ 822.67303]
 [ 890.8994 ]
 [ 988.5825 ]
 [1041.4885 ]
 [1088.1315 ]
 [1167.5568 ]]","[[ 554.4    ]
 [ 632.6    ]
 [ 731.2    ]
 [ 797.     ]
 [ 730.9    ]
 [ 887.     ]
 [ 960.30005]
 [ 999.99994]
 [1035.     ]
 [1094.6    ]
 [1189.     ]]",3.141851316798817,33.88167,"[[1548.2977]
 [1638.1907]
 [1399.0347]
 [1612.7494]]","[[1373.]
 [1232.]
 [1358.]
 [1324.]]",17.64202117919922,264.94348
128,Kaohsiung(10kTEU),"[[ 939.58575]
 [ 979.86975]
 [ 970.74426]
 [ 966.5607 ]
 [ 926.3618 ]
 [ 917.6922 ]
 [ 965.0607 ]
 [ 933.4644 ]
 [ 973.8109 ]
 [1060.3857 ]
 [1048.2544 ]]","[[ 947.0999 ]
 [ 977.49994]
 [ 919.99994]
 [ 967.7    ]
 [ 858.1    ]
 [ 918.1    ]
 [ 963.5999 ]
 [ 978.1    ]
 [ 993.8    ]
 [1059.3    ]
 [1026.     ]]",2.151514996181835,30.434244,"[[1054.7306]
 [1064.0543]
 [1055.2175]
 [1056.6859]]","[[1027.     ]
 [1045.     ]
 [1042.     ]
 [ 962.00006]]",3.9086539298295975,50.675846
128,Dalian(10kTEU),"[[292.75116]
 [330.1046 ]
 [376.57278]
 [495.0209 ]
 [483.50742]
 [487.56616]
 [591.1135 ]
 [791.8646 ]
 [952.6582 ]
 [926.8797 ]
 [924.5767 ]]","[[ 265.1    ]
 [ 321.2    ]
 [ 464.2    ]
 [ 450.29996]
 [ 455.2    ]
 [ 524.2    ]
 [ 640.     ]
 [ 806.     ]
 [ 991.2001 ]
 [1001.10004]
 [ 945.     ]]",7.09764686497775,45.393894,"[[933.90485]
 [931.81116]
 [930.18286]
 [919.7347 ]]","[[ 970.     ]
 [ 977.00006]
 [1021.     ]
 [ 653.99994]]",14.468392729759216,143.35934
128,Hanburg(10kTEU),"[[801.4791 ]
 [892.5916 ]
 [931.7205 ]
 [956.9019 ]
 [807.0911 ]
 [801.8384 ]
 [883.0869 ]
 [939.4064 ]
 [931.77106]
 [953.9692 ]
 [810.4585 ]]","[[808.8    ]
 [886.2    ]
 [936.     ]
 [973.7    ]
 [700.7    ]
 [789.99994]
 [901.39996]
 [886.3    ]
 [930.2    ]
 [973.     ]
 [882.     ]]",3.522769971327348,43.1621,"[[934.1476]
 [931.6194]
 [925.0459]
 [953.868 ]]","[[886.     ]
 [873.     ]
 [929.99994]
 [870.     ]]",5.580415204167366,56.596825
128,Antwerp(10kTEU),"[[649.0433 ]
 [713.9873 ]
 [823.17786]
 [850.49756]
 [858.8666 ]
 [846.3388 ]
 [850.9469 ]
 [858.8666 ]
 [856.467  ]
 [852.2097 ]
 [957.20355]]","[[648.2   ]
 [701.9   ]
 [835.5   ]
 [866.4   ]
 [730.9001]
 [846.8   ]
 [866.4   ]
 [863.3   ]
 [857.8   ]
 [897.8   ]
 [965.    ]]",2.823950485749678,41.916218,"[[1302.2549]
 [1435.0985]
 [1645.7045]
 [1645.7045]]","[[1045.]
 [1110.]
 [1110.]
 [1204.]]",34.71348285675049,404.33627
128,Xiamen(10kTEU),"[[342.3628 ]
 [388.74594]
 [455.71405]
 [508.3361 ]
 [530.45087]
 [510.8352 ]
 [633.81396]
 [716.66223]
 [792.151  ]
 [860.25757]
 [907.8562 ]]","[[334.2    ]
 [401.9    ]
 [462.70004]
 [503.39996]
 [468.00003]
 [582.     ]
 [645.     ]
 [720.1    ]
 [800.8    ]
 [857.2001 ]
 [918.     ]]",3.5028221932324493,29.544048,"[[ 983.592 ]
 [1036.0759]
 [1010.1747]
 [1086.515 ]]","[[1038.     ]
 [ 999.99994]
 [1112.     ]
 [1141.     ]]",5.695342272520065,66.33008
128,Tanjung(10kTEU),"[[444.99823]
 [459.36554]
 [513.6317 ]
 [580.435  ]
 [594.32477]
 [657.8614 ]
 [736.36597]
 [784.4064 ]
 [798.0188 ]
 [792.05475]
 [906.27844]]","[[417.7    ]
 [476.99997]
 [550.     ]
 [560.     ]
 [601.6    ]
 [653.     ]
 [752.     ]
 [770.     ]
 [762.8    ]
 [855.     ]
 [910.     ]]",3.5259623419154775,27.86535,"[[871.5352]
 [884.4032]
 [957.996 ]
 [975.4951]]","[[838.     ]
 [896.     ]
 [910.     ]
 [984.99994]]",2.8838353231549263,30.22024
128,Los Angeles(10kTEU),"[[780.0152 ]
 [810.4341 ]
 [726.5878 ]
 [772.6694 ]
 [803.59735]
 [777.81494]
 [803.8357 ]
 [802.98425]
 [802.0443 ]
 [803.4679 ]
 [800.2597 ]]","[[748.5]
 [847. ]
 [710.3]
 [785. ]
 [726.1]
 [783.1]
 [794. ]
 [807.8]
 [786.9]
 [834. ]
 [816. ]]",3.0080686916004526,30.615852,"[[456.42395 ]
 [ 61.56815 ]
 [ 40.786804]
 [151.6233  ]]","[[943.00006]
 [945.99994]
 [930.     ]
 [920.     ]]",81.05599880218506,774.6094
128,Long Beach(10kTEU),"[[670.0241 ]
 [684.5605 ]
 [690.788  ]
 [689.31836]
 [539.25433]
 [623.1792 ]
 [593.10675]
 [634.92505]
 [649.0356 ]
 [696.9907 ]
 [722.1187 ]]","[[671. ]
 [729. ]
 [731.2]
 [648.8]
 [506.7]
 [626.3]
 [610. ]
 [604.5]
 [673. ]
 [682.1]
 [719. ]]",3.537866202267734,27.530203,"[[718.05884]
 [673.9609 ]
 [636.62683]
 [667.85754]]","[[754.]
 [809.]
 [763.]
 [811.]]",13.91790509223938,118.30815
256,Ningbo(10kTEU),"[[ 576.37585]
 [ 690.5136 ]
 [ 866.9861 ]
 [1083.497  ]
 [1225.4338 ]
 [1185.016  ]
 [1430.1799 ]
 [1573.2554 ]
 [1700.7416 ]
 [1838.5249 ]
 [2079.1147 ]]","[[ 520.8    ]
 [ 706.7999 ]
 [ 934.99994]
 [1084.5999 ]
 [1042.     ]
 [1300.4    ]
 [1451.2    ]
 [1567.1    ]
 [1677.4    ]
 [1869.9999 ]
 [2063.     ]]",4.775038090619174,72.12199,"[[2446.4412]
 [2817.412 ]
 [3031.3105]
 [3171.451 ]]","[[2461.]
 [2635.]
 [2749.]
 [2872.]]",7.052594423294067,225.19781
256,Shanghai(10kTEU),"[[1796.8718]
 [2151.6804]
 [2534.2046]
 [2732.792 ]
 [2646.7366]
 [2786.8464]
 [2748.0562]
 [3084.348 ]
 [3183.8357]
 [3320.8528]
 [3530.9116]]","[[1808.4   ]
 [2171.    ]
 [2615.    ]
 [2798.    ]
 [2500.2   ]
 [2906.8997]
 [3173.9   ]
 [3252.9   ]
 [3361.7   ]
 [3528.5   ]
 [3654.    ]]",4.552865570241755,177.56647,"[[3760.4944]
 [4138.9478]
 [4356.0186]
 [4513.258 ]]","[[4023.0002]
 [4201.    ]
 [4330.    ]
 [4350.    ]]",3.0890382826328278,158.18494
256,Singapore(10kTEU),"[[2330.5972]
 [2553.719 ]
 [2760.3105]
 [3026.3325]
 [3034.0789]
 [2876.7922]
 [3017.6653]
 [3037.6377]
 [3342.0913]
 [3507.5745]
 [3266.7246]]","[[2319.2   ]
 [2479.2   ]
 [2793.6   ]
 [2991.8   ]
 [2586.7   ]
 [2843.1   ]
 [2993.8   ]
 [3164.9   ]
 [3257.8997]
 [3386.9   ]
 [3092.    ]]",3.7217955697666514,159.03436,"[[3208.815 ]
 [3318.1228]
 [2555.1487]
 [2398.5044]]","[[3366.9998]
 [3660.    ]
 [3720.    ]
 [3660.    ]]",19.954824447631836,878.94147
256,Shenzhen(10kTEU),"[[1615.1875]
 [1865.2117]
 [2158.2546]
 [2011.4012]
 [2010.2847]
 [2170.4094]
 [2236.7556]
 [2250.0916]
 [2330.9832]
 [2376.8176]
 [2455.1116]]","[[1619.7]
 [1846.9]
 [2109.9]
 [2141.4]
 [1825. ]
 [2250.9]
 [2257. ]
 [2294. ]
 [2327.8]
 [2403.7]
 [2420. ]]",2.6252857663414697,76.69659,"[[2448.2002]
 [2574.0928]
 [2826.3665]
 [2630.012 ]]","[[2521.]
 [2774.]
 [2577.]
 [2655.]]",5.177995562553406,164.37057
256,Hong Kong(10kTEU),"[[2230.8176]
 [2225.313 ]
 [2403.1626]
 [2480.7952]
 [2255.002 ]
 [2391.7954]
 [2434.353 ]
 [2332.9727]
 [2320.8977]
 [2217.0862]
 [2206.9617]]","[[2242.7]
 [2353.9]
 [2399.8]
 [2449.4]
 [2104. ]
 [2369.9]
 [2438.4]
 [2311.7]
 [2236.7]
 [2222.6]
 [2007. ]]",2.779733321883462,89.71014,"[[2604.736 ]
 [2439.844 ]
 [2641.1982]
 [2866.917 ]]","[[2076.]
 [1960.]
 [1830.]
 [2007.]]",34.28111970424652,690.52734
256,Busan(10kTEU),"[[1264.3525]
 [1271.534 ]
 [1275.36  ]
 [1300.7303]
 [1304.5627]
 [1274.337 ]
 [1590.5948]
 [1711.0839]
 [1770.8745]
 [1835.2057]
 [1934.9191]]","[[1184.3   ]
 [1203.    ]
 [1327.    ]
 [1345.2   ]
 [1197.9999]
 [1419.4   ]
 [1618.4   ]
 [1704.6   ]
 [1768.6   ]
 [1867.8   ]
 [1945.    ]]",3.9326540448448877,67.509476,"[[2047.8243]
 [2108.5256]
 [2218.8777]
 [2249.9124]]","[[2049.]
 [2166.]
 [2199.]
 [2159.]]",1.9564133137464523,54.69201
256,Guangzhou(10kTEU),"[[ 469.29932]
 [ 667.77924]
 [ 990.78076]
 [1088.0271 ]
 [1150.6003 ]
 [1169.7958 ]
 [1306.5941 ]
 [1463.4338 ]
 [1507.7343 ]
 [1559.6471 ]
 [1678.0564 ]]","[[ 468.5   ]
 [ 660.    ]
 [1025.7   ]
 [1100.1   ]
 [1119.    ]
 [1255.    ]
 [1426.    ]
 [1474.3002]
 [1530.9   ]
 [1660.    ]
 [1722.0001]]",3.153210065581582,57.68161,"[[1867.3862]
 [1990.1215]
 [2111.1426]
 [2220.684 ]]","[[2037.0001]
 [2187.    ]
 [2323.    ]
 [2319.    ]]",7.672111690044403,174.69946
256,Qingdao(10kTEU),"[[ 659.3506]
 [ 763.9672]
 [ 889.0231]
 [1046.7997]
 [1133.2843]
 [1126.4678]
 [1325.5114]
 [1440.0297]
 [1571.1044]
 [1660.6042]
 [1753.8881]]","[[ 630.7   ]
 [ 770.2   ]
 [ 946.2   ]
 [1032.    ]
 [1026.    ]
 [1201.2   ]
 [1302.    ]
 [1450.3   ]
 [1552.    ]
 [1657.9999]
 [1747.0001]]",3.0730041590603916,45.24702,"[[1869.2407]
 [1891.7994]
 [1888.6946]
 [2101.4602]]","[[1830.]
 [1826.]
 [2101.]
 [2200.]]",5.082957074046135,123.13923
256,Dubai(10kTEU),"[[ 858.2006 ]
 [ 971.7542 ]
 [ 995.08374]
 [1138.4376 ]
 [1217.9421 ]
 [1162.1509 ]
 [1200.5217 ]
 [1316.8857 ]
 [1346.9104 ]
 [1442.3368 ]
 [1494.8568 ]]","[[ 861.9]
 [ 892.3]
 [1079.1]
 [1182.7]
 [1110. ]
 [1160. ]
 [1300. ]
 [1327. ]
 [1364.1]
 [1524.9]
 [1560. ]]",4.548774524168535,66.30145,"[[1501.2987]
 [1496.6841]
 [1490.022 ]
 [1476.4396]]","[[1537.]
 [1495.]
 [1411.]
 [1350.]]",4.350439086556435,76.66299
256,Tianjin(10kTEU),"[[ 479.6239 ]
 [ 602.93304]
 [ 780.0168 ]
 [ 848.21136]
 [ 888.72034]
 [ 918.84344]
 [1105.3757 ]
 [1201.2219 ]
 [1247.228  ]
 [1292.5953 ]
 [1359.7512 ]]","[[ 480.10004]
 [ 595.     ]
 [ 817.60004]
 [ 850.     ]
 [ 869.99994]
 [1008.     ]
 [1158.0001 ]
 [1230.     ]
 [1301.0001 ]
 [1406.1001 ]
 [1411.     ]]",3.6325424909591675,53.747658,"[[1369.645 ]
 [1363.6881]
 [1350.599 ]
 [1331.6996]]","[[1507.    ]
 [1600.0001]
 [1730.    ]
 [1835.    ]]",18.31061840057373,343.49896
256,Rotterdam(10kTEU),"[[ 928.1678]
 [ 986.8206]
 [1041.8146]
 [1074.5397]
 [1034.2135]
 [1055.4468]
 [1170.3444]
 [1246.0737]
 [1245.5948]
 [1234.9712]
 [1264.4473]]","[[ 930.00006]
 [ 965.50006]
 [ 990.     ]
 [1080.     ]
 [ 974.3    ]
 [1114.5    ]
 [1187.6    ]
 [1186.5    ]
 [1162.1    ]
 [1229.8    ]
 [1223.     ]]",3.3691731366244233,45.53939,"[[1267.9696]
 [1317.0692]
 [1344.6156]
 [1355.5533]]","[[1373.    ]
 [1450.9999]
 [1481.9999]
 [1435.    ]]",7.921619713306427,116.35615
256,Kelang(10kTEU),"[[ 568.7468 ]
 [ 612.12085]
 [ 725.35345]
 [ 824.5362 ]
 [ 754.098  ]
 [ 824.8573 ]
 [ 910.0301 ]
 [1001.87946]
 [1049.5828 ]
 [1091.6389 ]
 [1163.2542 ]]","[[ 554.4    ]
 [ 632.6    ]
 [ 731.2    ]
 [ 797.     ]
 [ 730.9    ]
 [ 887.     ]
 [ 960.30005]
 [ 999.99994]
 [1035.     ]
 [1094.6    ]
 [1189.     ]]",2.684280276298523,28.97081,"[[1511.6987]
 [1593.6704]
 [1375.5596]
 [1570.4717]]","[[1373.]
 [1232.]
 [1358.]
 [1324.]]",14.841742813587189,229.72781
256,Kaohsiung(10kTEU),"[[ 928.8888 ]
 [ 976.3348 ]
 [ 961.2861 ]
 [ 965.4809 ]
 [ 921.3673 ]
 [ 914.2925 ]
 [ 963.91144]
 [ 932.61523]
 [ 964.56573]
 [1050.3829 ]
 [1038.2668 ]]","[[ 947.0999 ]
 [ 977.49994]
 [ 919.99994]
 [ 967.7    ]
 [ 858.1    ]
 [ 918.1    ]
 [ 963.5999 ]
 [ 978.1    ]
 [ 993.8    ]
 [1059.3    ]
 [1026.     ]]",2.200758457183838,28.940872,"[[1045.3962]
 [1056.1797]
 [1045.9637]
 [1047.6664]]","[[1027.     ]
 [1045.     ]
 [1042.     ]
 [ 962.00006]]",3.0366268008947372,44.209267
256,Dalian(10kTEU),"[[297.06186]
 [334.85947]
 [381.876  ]
 [501.72205]
 [490.0727 ]
 [494.17932]
 [614.64197]
 [807.74243]
 [990.29675]
 [992.8649 ]
 [991.21246]]","[[ 265.1    ]
 [ 321.2    ]
 [ 464.2    ]
 [ 450.29996]
 [ 455.2    ]
 [ 524.2    ]
 [ 640.     ]
 [ 806.     ]
 [ 991.2001 ]
 [1001.10004]
 [ 945.     ]]",6.257592006163164,37.655437,"[[997.90576]
 [996.4036 ]
 [995.2351 ]
 [987.78925]]","[[ 970.     ]
 [ 977.00006]
 [1021.     ]
 [ 653.99994]]",14.606134593486786,168.25157
256,Hanburg(10kTEU),"[[800.91235]
 [887.62036]
 [925.62213]
 [950.0728 ]
 [780.7767 ]
 [801.2242 ]
 [878.38995]
 [933.08496]
 [925.6712 ]
 [947.22516]
 [784.1368 ]]","[[808.8    ]
 [886.2    ]
 [936.     ]
 [973.7    ]
 [700.7    ]
 [789.99994]
 [901.39996]
 [886.3    ]
 [930.2    ]
 [973.     ]
 [882.     ]]",3.5984115167097612,42.904533,"[[927.9788 ]
 [925.5239 ]
 [919.1412 ]
 [947.12695]]","[[886.     ]
 [873.     ]
 [929.99994]
 [870.     ]]",5.196819826960564,51.4477
256,Antwerp(10kTEU),"[[648.7923 ]
 [712.3721 ]
 [820.7557 ]
 [855.9653 ]
 [856.2125 ]
 [846.4561 ]
 [851.7428 ]
 [856.2125 ]
 [847.9255 ]
 [848.60315]
 [972.94824]]","[[648.2   ]
 [701.9   ]
 [835.5   ]
 [866.4   ]
 [730.9001]
 [846.8   ]
 [866.4   ]
 [863.3   ]
 [857.8   ]
 [897.8   ]
 [965.    ]]",2.8822925957766445,41.544823,"[[1364.4078]
 [1515.182 ]
 [1754.0956]
 [1754.0956]]","[[1045.]
 [1110.]
 [1110.]
 [1204.]]",42.69596338272095,495.8977
256,Xiamen(10kTEU),"[[351.74103]
 [393.59912]
 [453.8925 ]
 [508.04083]
 [545.0898 ]
 [512.761  ]
 [641.2574 ]
 [720.3986 ]
 [797.26666]
 [864.7005 ]
 [911.8289 ]]","[[334.2    ]
 [401.9    ]
 [462.70004]
 [503.39996]
 [468.00003]
 [582.     ]
 [645.     ]
 [720.1    ]
 [800.8    ]
 [857.2001 ]
 [918.     ]]",3.738050569187511,32.09856,"[[ 985.0677]
 [1036.4888]
 [1011.1452]
 [1085.7433]]","[[1038.     ]
 [ 999.99994]
 [1112.     ]
 [1141.     ]]",5.665210634469986,65.875374
256,Tanjung(10kTEU),"[[446.17377]
 [460.69687]
 [515.5515 ]
 [583.0792 ]
 [596.6752 ]
 [658.32623]
 [734.41595]
 [782.6392 ]
 [800.18616]
 [791.23267]
 [915.25214]]","[[417.7    ]
 [476.99997]
 [550.     ]
 [560.     ]
 [601.6    ]
 [653.     ]
 [752.     ]
 [770.     ]
 [762.8    ]
 [855.     ]
 [910.     ]]",3.560893102125688,28.298811,"[[878.70166]
 [892.2389 ]
 [969.2602 ]
 [987.15985]]","[[838.     ]
 [896.     ]
 [910.     ]
 [984.99994]]",3.0020389705896378,36.01113
256,Los Angeles(10kTEU),"[[778.20654]
 [823.0057 ]
 [714.6626 ]
 [774.76013]
 [786.3379 ]
 [777.258  ]
 [788.38074]
 [788.03235]
 [792.03156]
 [785.9749 ]
 [803.1195 ]]","[[748.5]
 [847. ]
 [710.3]
 [785. ]
 [726.1]
 [783.1]
 [794. ]
 [807.8]
 [786.9]
 [834. ]
 [816. ]]",2.6278390125794844,27.246038,"[[ 335.92938 ]
 [-217.70703 ]
 [-246.84483 ]
 [ -91.438515]]","[[943.00006]
 [945.99994]
 [930.     ]
 [920.     ]]",105.96784353256226,1016.2087
256,Long Beach(10kTEU),"[[664.13916]
 [689.52075]
 [677.99493]
 [675.9978 ]
 [527.67957]
 [620.97205]
 [579.79474]
 [628.77405]
 [645.3008 ]
 [697.20447]
 [720.568  ]]","[[671. ]
 [729. ]
 [731.2]
 [648.8]
 [506.7]
 [626.3]
 [610. ]
 [604.5]
 [673. ]
 [682.1]
 [719. ]]",3.492098504846746,27.209875,"[[716.643 ]
 [655.2497]
 [604.3134]
 [646.9889]]","[[754.]
 [809.]
 [763.]
 [811.]]",16.245131194591522,138.84865
512,Ningbo(10kTEU),"[[ 570.4865 ]
 [ 683.87555]
 [ 859.19025]
 [1074.2808 ]
 [1215.2866 ]
 [1175.1338 ]
 [1418.6895 ]
 [1560.8263 ]
 [1684.497  ]
 [1821.1193 ]
 [2059.6816 ]]","[[ 520.8    ]
 [ 706.7999 ]
 [ 934.99994]
 [1084.5999 ]
 [1042.     ]
 [1300.4    ]
 [1451.2    ]
 [1567.1    ]
 [1677.4    ]
 [1869.9999 ]
 [2063.     ]]",4.904072393070568,72.68533,"[[2392.932 ]
 [2720.9126]
 [2909.9172]
 [3033.6904]]","[[2461.]
 [2635.]
 [2749.]
 [2872.]]",4.377466440200806,126.54288
512,Shanghai(10kTEU),"[[1818.187 ]
 [2191.9373]
 [2579.0261]
 [2795.497 ]
 [2734.7307]
 [2842.0864]
 [2883.329 ]
 [3207.3867]
 [3303.2683]
 [3435.3188]
 [3637.7637]]","[[1808.4   ]
 [2171.    ]
 [2615.    ]
 [2798.    ]
 [2500.2   ]
 [2906.8997]
 [3173.9   ]
 [3252.9   ]
 [3361.7   ]
 [3528.5   ]
 [3654.    ]]",2.723484147678722,120.56813,"[[3859.5435]
 [4232.035 ]
 [4444.614 ]
 [4598.612 ]]","[[4023.0002]
 [4201.    ]
 [4330.    ]
 [4350.    ]]",3.290998935699463,160.17604
512,Singapore(10kTEU),"[[2318.8054]
 [2519.5525]
 [2711.0278]
 [2954.864 ]
 [2887.518 ]
 [2839.6829]
 [2938.1729]
 [2886.8367]
 [3169.354 ]
 [3301.15  ]
 [2919.873 ]]","[[2319.2   ]
 [2479.2   ]
 [2793.6   ]
 [2991.8   ]
 [2586.7   ]
 [2843.1   ]
 [2993.8   ]
 [3164.9   ]
 [3257.8997]
 [3386.9   ]
 [3092.    ]]",3.5495519638061523,143.1937,"[[3037.439 ]
 [2978.6904]
 [2106.9478]
 [1928.0518]]","[[3366.9998]
 [3660.    ]
 [3720.    ]
 [3660.    ]]",29.7713965177536,1242.4144
512,Shenzhen(10kTEU),"[[1614.1282]
 [1859.7836]
 [2151.3315]
 [1995.3296]
 [1976.699 ]
 [2163.9678]
 [2234.5461]
 [2249.7954]
 [2324.4421]
 [2358.6785]
 [2419.1914]]","[[1619.7]
 [1846.9]
 [2109.9]
 [2141.4]
 [1825. ]
 [2250.9]
 [2257. ]
 [2294. ]
 [2327.8]
 [2403.7]
 [2420. ]]",2.4521256035024472,72.81172,"[[2414.056 ]
 [2459.1218]
 [2520.1294]
 [2472.7224]]","[[2521.]
 [2774.]
 [2577.]
 [2655.]]",6.166370213031769,191.73203
512,Hong Kong(10kTEU),"[[2204.7039]
 [2181.0845]
 [2357.4607]
 [2392.1687]
 [2023.4603]
 [2365.7444]
 [2382.5269]
 [2105.2302]
 [2267.1807]
 [2174.1523]
 [2165.84  ]]","[[2242.7]
 [2353.9]
 [2399.8]
 [2449.4]
 [2104. ]
 [2369.9]
 [2438.4]
 [2311.7]
 [2236.7]
 [2222.6]
 [2007. ]]",3.619973226027055,103.1939,"[[2595.6545]
 [2417.2422]
 [2635.141 ]
 [2882.215 ]]","[[2076.]
 [1960.]
 [1830.]
 [2007.]]",33.99128019809723,687.998
512,Busan(10kTEU),"[[1248.952 ]
 [1277.2913]
 [1292.3893]
 [1289.9485]
 [1289.54  ]
 [1288.3523]
 [1591.9722]
 [1677.4861]
 [1746.4491]
 [1813.2332]
 [1916.7485]]","[[1184.3   ]
 [1203.    ]
 [1327.    ]
 [1345.2   ]
 [1197.9999]
 [1419.4   ]
 [1618.4   ]
 [1704.6   ]
 [1768.6   ]
 [1867.8   ]
 [1945.    ]]",4.006708752025257,64.10414,"[[2032.1716]
 [2092.796 ]
 [2203.263 ]
 [2234.3682]]","[[2049.]
 [2166.]
 [2199.]
 [2159.]]",1.9714321941137314,53.24605
512,Guangzhou(10kTEU),"[[ 477.9678 ]
 [ 700.40955]
 [1032.6672 ]
 [1179.0573 ]
 [1257.6613 ]
 [1277.692  ]
 [1421.4211 ]
 [1595.653  ]
 [1644.8656 ]
 [1702.5354 ]
 [1834.0747 ]]","[[ 468.5   ]
 [ 660.    ]
 [1025.7   ]
 [1100.1   ]
 [1119.    ]
 [1255.    ]
 [1426.    ]
 [1474.3002]
 [1530.9   ]
 [1660.    ]
 [1722.0001]]",5.02428954297846,79.6885,"[[2050.1265]
 [2190.8955]
 [2329.6519]
 [2455.4   ]]","[[2037.0001]
 [2187.    ]
 [2323.    ]
 [2319.    ]]",1.74767654389143,68.62335
512,Qingdao(10kTEU),"[[ 662.0047 ]
 [ 765.9424 ]
 [ 890.18665]
 [1046.9393 ]
 [1123.973  ]
 [1118.3895 ]
 [1305.0983 ]
 [1416.6191 ]
 [1551.5255 ]
 [1641.1765 ]
 [1734.6177 ]]","[[ 630.7   ]
 [ 770.2   ]
 [ 946.2   ]
 [1032.    ]
 [1026.    ]
 [1201.2   ]
 [1302.    ]
 [1450.3   ]
 [1552.    ]
 [1657.9999]
 [1747.0001]]",3.05827720598741,45.121704,"[[1845.0079]
 [1865.6344]
 [1862.8206]
 [2054.096 ]]","[[1830.]
 [1826.]
 [2101.]
 [2200.]]",5.2397869527339935,141.25647
512,Dubai(10kTEU),"[[ 862.54987]
 [ 982.7638 ]
 [1006.047  ]
 [1149.116  ]
 [1228.4625 ]
 [1172.782  ]
 [1211.0767 ]
 [1341.3738 ]
 [1389.1655 ]
 [1489.5771 ]
 [1563.4419 ]]","[[ 861.9]
 [ 892.3]
 [1079.1]
 [1182.7]
 [1110. ]
 [1160. ]
 [1300. ]
 [1327. ]
 [1364.1]
 [1524.9]
 [1560. ]]",3.990478678183122,59.427036,"[[1570.845 ]
 [1565.6246]
 [1557.793 ]
 [1541.9235]]","[[1537.]
 [1495.]
 [1411.]
 [1350.]]",7.886523008346558,127.00011
512,Tianjin(10kTEU),"[[ 480.94574]
 [ 609.22107]
 [ 770.4389 ]
 [ 864.5865 ]
 [ 905.557  ]
 [ 934.90625]
 [1137.4166 ]
 [1243.7859 ]
 [1294.1472 ]
 [1343.8092 ]
 [1417.3228 ]]","[[ 480.10004]
 [ 595.     ]
 [ 817.60004]
 [ 850.     ]
 [ 869.99994]
 [1008.     ]
 [1158.0001 ]
 [1230.     ]
 [1301.0001 ]
 [1406.1001 ]
 [1411.     ]]",2.69928439096971,35.45512,"[[1412.4779]
 [1395.308 ]
 [1364.4606]
 [1320.8779]]","[[1507.    ]
 [1600.0001]
 [1730.    ]
 [1835.    ]]",17.053115367889404,334.95294
512,Rotterdam(10kTEU),"[[ 928.1143 ]
 [ 984.9263 ]
 [1034.0743 ]
 [1064.1465 ]
 [1017.86633]
 [1046.2576 ]
 [1148.923  ]
 [1186.5958 ]
 [1186.3257 ]
 [1180.3329 ]
 [1196.9606 ]]","[[ 930.00006]
 [ 965.50006]
 [ 990.     ]
 [1080.     ]
 [ 974.3    ]
 [1114.5    ]
 [1187.6    ]
 [1186.5    ]
 [1162.1    ]
 [1229.8    ]
 [1223.     ]]",2.748213843865828,36.103043,"[[1198.8269]
 [1222.6912]
 [1235.6787]
 [1240.8047]]","[[1373.    ]
 [1450.9999]
 [1481.9999]
 [1435.    ]]",14.64345008134842,212.63058
512,Kelang(10kTEU),"[[ 570.78094]
 [ 613.66974]
 [ 725.4728 ]
 [ 826.5893 ]
 [ 752.19055]
 [ 826.92847]
 [ 905.1336 ]
 [ 989.4216 ]
 [1035.0725 ]
 [1075.3192 ]
 [1143.8533 ]]","[[ 554.4    ]
 [ 632.6    ]
 [ 731.2    ]
 [ 797.     ]
 [ 730.9    ]
 [ 887.     ]
 [ 960.30005]
 [ 999.99994]
 [1035.     ]
 [1094.6    ]
 [1189.     ]]",2.9542180624875156,31.85494,"[[1409.4415]
 [1471.1259]
 [1306.773 ]
 [1453.6686]]","[[1373.]
 [1232.]
 [1358.]
 [1324.]]",8.907414972782135,139.59523
512,Kaohsiung(10kTEU),"[[ 919.3805 ]
 [ 974.0489 ]
 [ 940.93726]
 [ 964.7424 ]
 [ 920.6487 ]
 [ 915.51776]
 [ 963.23145]
 [ 929.28394]
 [ 944.1063 ]
 [1030.275  ]
 [ 998.67896]]","[[ 947.0999 ]
 [ 977.49994]
 [ 919.99994]
 [ 967.7    ]
 [ 858.1    ]
 [ 918.1    ]
 [ 963.5999 ]
 [ 978.1    ]
 [ 993.8    ]
 [1059.3    ]
 [1026.     ]]",2.62401049787348,32.45682,"[[1010.76855]
 [1028.1868 ]
 [1011.6823 ]
 [1014.4237 ]]","[[1027.     ]
 [1045.     ]
 [1042.     ]
 [ 962.00006]]",2.887100726366043,32.455914
512,Dalian(10kTEU),"[[295.47687]
 [333.83182]
 [381.54163]
 [503.1875 ]
 [491.34592]
 [495.5203 ]
 [604.3215 ]
 [806.8132 ]
 [998.5404 ]
 [971.26666]
 [969.13855]]","[[ 265.1    ]
 [ 321.2    ]
 [ 464.2    ]
 [ 450.29996]
 [ 455.2    ]
 [ 524.2    ]
 [ 640.     ]
 [ 806.     ]
 [ 991.2001 ]
 [1001.10004]
 [ 945.     ]]",6.391394680196588,37.708294,"[[977.7585 ]
 [975.8239 ]
 [974.31915]
 [964.8028 ]]","[[ 970.     ]
 [ 977.00006]
 [1021.     ]
 [ 653.99994]]",13.253918290138245,157.19342
512,Hanburg(10kTEU),"[[800.87946]
 [895.69653]
 [931.84894]
 [955.1098 ]
 [811.6318 ]
 [801.2706 ]
 [886.9154 ]
 [938.94867]
 [931.8957 ]
 [952.4007 ]
 [814.8675 ]]","[[808.8    ]
 [886.2    ]
 [936.     ]
 [973.7    ]
 [700.7    ]
 [789.99994]
 [901.39996]
 [886.3    ]
 [930.2    ]
 [973.     ]
 [882.     ]]",3.556345809589733,43.551743,"[[934.091  ]
 [931.75555]
 [925.6835 ]
 [952.30725]]","[[886.     ]
 [873.     ]
 [929.99994]
 [870.     ]]",5.5207304656505585,56.03141
512,Antwerp(10kTEU),"[[648.4143 ]
 [708.6467 ]
 [806.0463 ]
 [827.1121 ]
 [812.52905]
 [829.2857 ]
 [821.77924]
 [812.52905]
 [813.9921 ]
 [816.5878 ]
 [908.5584 ]]","[[648.2   ]
 [701.9   ]
 [835.5   ]
 [866.4   ]
 [730.9001]
 [846.8   ]
 [866.4   ]
 [863.3   ]
 [857.8   ]
 [897.8   ]
 [965.    ]]",4.847586154937744,48.331768,"[[1354.9095]
 [1526.6198]
 [1798.7981]
 [1798.7981]]","[[1045.]
 [1110.]
 [1110.]
 [1204.]]",44.6613609790802,523.89014
512,Xiamen(10kTEU),"[[349.6858 ]
 [390.31512]
 [448.85004]
 [501.41916]
 [536.6092 ]
 [506.00165]
 [628.1302 ]
 [705.16406]
 [778.8014 ]
 [843.0334 ]
 [887.92413]]","[[334.2    ]
 [401.9    ]
 [462.70004]
 [503.39996]
 [468.00003]
 [582.     ]
 [645.     ]
 [720.1    ]
 [800.8    ]
 [857.2001 ]
 [918.     ]]",4.635164954445579,34.574814,"[[ 958.8069 ]
 [1006.8766 ]
 [ 983.19104]
 [1052.878  ]]","[[1038.     ]
 [ 999.99994]
 [1112.     ]
 [1141.     ]]",6.905955076217651,87.572914
512,Tanjung(10kTEU),"[[452.49695]
 [467.4905 ]
 [524.12195]
 [596.2649 ]
 [611.49817]
 [674.86884]
 [753.16815]
 [815.4196 ]
 [825.09436]
 [821.22437]
 [934.7912 ]]","[[417.7    ]
 [476.99997]
 [550.     ]
 [560.     ]
 [601.6    ]
 [653.     ]
 [752.     ]
 [770.     ]
 [762.8    ]
 [855.     ]
 [910.     ]]",4.308606548742815,32.421352,"[[ 897.7587 ]
 [ 911.4744 ]
 [ 991.77374]
 [1010.8882 ]]","[[838.     ]
 [896.     ]
 [910.     ]
 [984.99994]]",5.1181361079216,52.83869
512,Los Angeles(10kTEU),"[[779.0052 ]
 [823.332  ]
 [677.7266 ]
 [775.1425 ]
 [790.2642 ]
 [777.85034]
 [790.9104 ]
 [790.3798 ]
 [790.557  ]
 [790.2887 ]
 [807.6582 ]]","[[748.5]
 [847. ]
 [710.3]
 [785. ]
 [726.1]
 [783.1]
 [794. ]
 [807.8]
 [786.9]
 [834. ]
 [816. ]]",2.8629476373845884,28.76265,"[[ 258.72717]
 [-354.54193]
 [-386.8189 ]
 [-214.67165]]","[[943.00006]
 [945.99994]
 [930.     ]
 [920.     ]]",118.74217987060547,1138.1047
512,Long Beach(10kTEU),"[[657.72614]
 [681.3509 ]
 [681.6873 ]
 [680.47296]
 [530.9166 ]
 [611.3011 ]
 [578.153  ]
 [620.94037]
 [644.35846]
 [688.82086]
 [707.5759 ]]","[[671. ]
 [729. ]
 [731.2]
 [648.8]
 [506.7]
 [626.3]
 [610. ]
 [604.5]
 [673. ]
 [682.1]
 [719. ]]",3.8283879106695,28.59317,"[[707.2477 ]
 [667.6382 ]
 [636.11163]
 [662.4918 ]]","[[754.]
 [809.]
 [763.]
 [811.]]",14.654037356376648,122.80501
